location_id,location,latitude,longitude
1001,New York,40.6943,-73.9249
1002,Los Angeles,34.1141,-118.4068
1003,Chicago,41.8375,-87.6866
1004,Miami,25.784,-80.2101
1005,Houston,29.786,-95.3885
1006,Dallas,32.7935,-96.7667
1007,Philadelphia,40.0077,-75.1339
1008,Atlanta,33.7628,-84.422
1009,Washington,38.9047,-77.0163
1010,Boston,42.3188,-71.0852
1011,Phoenix,33.5722,-112.0892
1012,Detroit,42.3834,-83.1024
1013,Seattle,47.6211,-122.3244
1014,San Francisco,37.7558,-122.4449
1015,San Diego,32.8313,-117.1222
1016,Minneapolis,44.9635,-93.2678
1017,Tampa,27.9945,-82.4447
1018,Brooklyn,40.6501,-73.9496
1019,Denver,39.762,-104.8758
1020,Queens,40.7498,-73.7976
1021,Riverside,33.9381,-117.3949
1022,Las Vegas,36.2333,-115.2654
1023,Baltimore,39.3051,-76.6144
1024,St. Louis,38.6359,-90.2451
1025,Portland,45.5371,-122.65
1026,San Antonio,29.4632,-98.5238
1027,Sacramento,38.5677,-121.4685
1028,Austin,30.3005,-97.7522
1029,Orlando,28.4773,-81.337
1030,San Juan,18.3985,-66.061
1031,San Jose,37.3012,-121.848
1032,Pittsburgh,40.4397,-79.9763
1033,Indianapolis,39.7771,-86.1458
1034,Manhattan,40.7834,-73.9662
1035,Cincinnati,39.1413,-84.506
1036,Kansas City,39.1238,-94.5541
1037,Cleveland,41.4764,-81.6805
1038,Columbus,39.9862,-82.9855
1039,Bronx,40.8501,-73.8662
1040,Virginia Beach,36.7335,-76.0435
1041,Charlotte,35.2083,-80.8303
1042,Milwaukee,43.0642,-87.9675
1043,Providence,41.823,-71.4187
1044,Jacksonville,30.3322,-81.6749
1045,Nashville,36.1715,-86.7842
1046,Salt Lake City,40.7776,-111.9311
1047,Raleigh,35.8324,-78.6429
1048,Richmond,37.5295,-77.4756
1049,Memphis,35.1087,-89.9663
1050,Oklahoma City,35.4676,-97.5136
1051,Hartford,41.7661,-72.6834
1052,Louisville,38.1663,-85.6485
1053,Buffalo,42.9018,-78.8487
1054,New Orleans,30.0687,-89.9288
1055,Fort Worth,32.7817,-97.3474
1056,Bridgeport,41.1918,-73.1954
1057,Tucson,32.1541,-110.8787
1058,El Paso,31.8476,-106.43
1059,Omaha,41.2627,-96.0529
1060,McAllen,26.2252,-98.2467
1061,Birmingham,33.5279,-86.7971
1062,Albuquerque,35.1054,-106.6465
1063,Tulsa,36.1283,-95.9042
1064,Fresno,36.783,-119.7939
1065,Charleston,32.8168,-79.9687
1066,Rochester,43.168,-77.6162
1067,Dayton,39.7805,-84.2003
1068,Cape Coral,26.6443,-81.9957
1069,Mission Viejo,33.6096,-117.6551
1070,Colorado Springs,38.8674,-104.7605
1071,Baton Rouge,30.442,-91.1311
1072,Allentown,40.5961,-75.4756
1073,Ogden,41.2279,-111.9682
1074,Provo,40.2457,-111.6457
1075,Knoxville,35.9692,-83.9496
1076,Grand Rapids,42.9619,-85.6562
1077,Columbia,34.0378,-80.9036
1078,Albany,42.6664,-73.7987
1079,Bakersfield,35.3529,-119.0359
1080,New Haven,41.3113,-72.9246
1081,Des Moines,41.5725,-93.6105
1082,Akron,41.0798,-81.5219
1083,Palm Bay,27.9631,-80.6593
1084,Concord,37.9722,-122.0016
1085,Wichita,37.6895,-97.3443
1086,Mesa,33.4015,-111.7178
1087,Harrisburg,40.2752,-76.8843
1088,Staten Island,40.5834,-74.1496
1089,Toledo,41.6638,-83.5827
1090,Worcester,42.2705,-71.8079
1091,Long Beach,33.7977,-118.167
1092,Port St. Lucie,27.2796,-80.3884
1093,Little Rock,34.7256,-92.3577
1094,Reno,39.5497,-119.8483
1095,Spokane,47.6671,-117.433
1096,Madison,43.0822,-89.393
1097,Boise,43.6005,-116.2308
1098,Bonita Springs,26.3558,-81.7859
1099,Denton,33.2175,-97.1418
1100,Oakland,37.7904,-122.2166
1101,Springfield,42.1155,-72.5395
1102,Augusta,33.3645,-82.0708
1103,Kissimmee,28.3041,-81.4169
1104,Winston-Salem,36.1029,-80.261
1105,Stockton,37.9765,-121.3109
1106,Syracuse,43.0407,-76.1437
1107,Chattanooga,35.066,-85.2481
1108,Lancaster,40.042,-76.3012
1109,Greenville,34.8354,-82.3646
1110,Durham,35.9792,-78.9022
1111,Pensacola,30.4413,-87.1911
1112,Fayetteville,36.0714,-94.1661
1113,Arlington,32.6998,-97.125
1114,Aurora,39.7083,-104.7237
1115,Oxnard,34.1964,-119.1815
1116,Indio,33.7346,-116.2346
1117,Scranton,41.4044,-75.6649
1118,Victorville,34.5277,-117.3536
1119,Trenton,40.2237,-74.7641
1120,Modesto,37.6375,-121.0028
1121,Huntsville,34.6981,-86.6412
1122,Honolulu,21.3294,-157.846
1123,Greensboro,36.0956,-79.8271
1124,Anaheim,33.839,-117.8574
1125,Corpus Christi,27.7254,-97.3767
1126,Fort Wayne,41.0888,-85.1436
1127,Fort Collins,40.5477,-105.0656
1128,Jackson,32.3157,-90.2125
1129,Myrtle Beach,33.7094,-78.8844
1130,Fayetteville,35.085,-78.9772
1131,Antioch,37.9787,-121.796
1132,Lansing,42.7142,-84.5601
1133,Lexington,38.0423,-84.4587
1134,Mobile,30.6782,-88.1162
1135,Youngstown,41.0993,-80.6463
1136,Henderson,36.0133,-115.0381
1137,Savannah,32.0286,-81.1821
1138,Poughkeepsie,41.695,-73.9211
1139,Santa Ana,33.7367,-117.8819
1140,Ann Arbor,42.2759,-83.731
1141,St. Paul,44.9478,-93.1039
1142,Newark,40.7245,-74.1725
1143,Irvine,33.6772,-117.7738
1144,Santa Rosa,38.4458,-122.7067
1145,Canton,40.8078,-81.3676
1146,Asheville,35.5707,-82.5537
1147,Flint,43.0236,-83.6921
1148,Winter Haven,28.0118,-81.7014
1149,Anchorage,61.1508,-149.1091
1150,Lincoln,40.8099,-96.6784
1151,Concord,35.3933,-80.6369
1152,Jersey City,40.7184,-74.0686
1153,Springfield,37.1943,-93.2916
1154,Plano,33.0502,-96.7486
1155,Shreveport,32.4653,-93.7955
1156,Davenport,41.5565,-90.6053
1157,Lubbock,33.5657,-101.8879
1158,Lakeland,28.0557,-81.9545
1159,South Bend,41.6767,-86.2696
1160,Chula Vista,32.6281,-117.0144
1161,Chandler,33.2825,-111.8514
1162,Rockford,42.2596,-89.064
1163,Reading,40.34,-75.9267
1164,Eugene,44.0564,-123.1174
1165,Wilmington,34.2099,-77.8866
1166,Santa Clarita,34.4175,-118.4964
1167,Gilbert,33.31,-111.7463
1168,Salem,44.9233,-123.0244
1169,Killeen,31.0753,-97.7297
1170,Round Lake Beach,42.3791,-88.0811
1171,Columbus,32.51,-84.8771
1172,North Las Vegas,36.2883,-115.0888
1173,Kennewick,46.1978,-119.1732
1174,St. Petersburg,27.7931,-82.6652
1175,Tallahassee,30.4551,-84.2527
1176,Laredo,27.5625,-99.4874
1177,Irving,32.8583,-96.9702
1178,Peoria,40.752,-89.6154
1179,Montgomery,32.3482,-86.2668
1180,Chesapeake,36.6778,-76.3023
1181,Glendale,33.5791,-112.2311
1182,York,39.9651,-76.7315
1183,Nashua,42.7491,-71.491
1184,Garland,32.91,-96.6304
1185,Scottsdale,33.6872,-111.8651
1186,Lafayette,30.2082,-92.0325
1187,Norfolk,36.8945,-76.259
1188,Arlington,38.8786,-77.1011
1189,Appleton,44.278,-88.3892
1190,Aguadilla,18.4382,-67.1537
1191,Rock Hill,34.9415,-81.0241
1192,Fremont,37.5265,-121.9843
1193,Fargo,46.8651,-96.8292
1194,Gulfport,30.4274,-89.0704
1195,Bremerton,47.5436,-122.7121
1196,Green Bay,44.5148,-87.9895
1197,Enterprise,36.0091,-115.2278
1198,Hialeah,25.8696,-80.3045
1199,Deltona,28.905,-81.2137
1200,San Bernardino,34.1416,-117.2943
1201,Gainesville,29.6804,-82.3459
1202,Spring Valley,36.0952,-115.2636
1203,Tacoma,47.2431,-122.4531
1204,Roanoke,37.2785,-79.9581
1205,Brownsville,25.9975,-97.458
1206,College Station,30.5852,-96.2959
1207,Olympia,47.0417,-122.8959
1208,Clarksville,36.5692,-87.3413
1209,Yonkers,40.9466,-73.8673
1210,Moreno Valley,33.9244,-117.2045
1211,Thousand Oaks,34.1914,-118.8756
1212,Portland,43.6773,-70.2715
1213,Fontana,34.0968,-117.4599
1214,Hickory,35.741,-81.3223
1215,Amarillo,35.1984,-101.8316
1216,Sioux Falls,43.5396,-96.7311
1217,Evansville,37.9881,-87.5341
1218,Huntington,38.4109,-82.4345
1219,Waterbury,41.5582,-73.0361
1220,Frisco,33.156,-96.8216
1221,Lorain,41.4409,-82.184
1222,Kalamazoo,42.2749,-85.5882
1223,Galveston,29.2484,-94.8913
1224,Spartanburg,34.9442,-81.9251
1225,Santa Barbara,34.4285,-119.7202
1226,Sunrise Manor,36.1783,-115.0487
1227,Huntington Beach,33.696,-118.0018
1228,Grand Prairie,32.6871,-97.0208
1229,Overland Park,38.887,-94.687
1230,McKinney,33.2016,-96.667
1231,Waco,31.5599,-97.1882
1232,Hagerstown,39.6401,-77.7217
1233,Glendale,34.1819,-118.2468
1234,Nampa,43.5844,-116.5638
1235,Peoria,33.7843,-112.2989
1236,Cedar Rapids,41.9662,-91.6783
1237,Vancouver,45.6366,-122.5967
1238,Paradise,36.0872,-115.1355
1239,Ocala,29.178,-82.1511
1240,Erie,42.1167,-80.0733
1241,Newport News,37.1051,-76.5185
1242,Frederick,39.4337,-77.4141
1243,Murfreesboro,35.849,-86.4121
1244,Fort Lauderdale,26.1412,-80.1464
1245,Aurora,41.7638,-88.2902
1246,Tempe,33.3881,-111.9319
1247,Danbury,41.4015,-73.4709
1248,Spring Hill,28.4798,-82.53
1249,Gastonia,35.2494,-81.1854
1250,Salinas,36.6883,-121.6317
1251,Fredericksburg,38.2992,-77.4872
1252,Ontario,34.0393,-117.6064
1253,Elk Grove,38.4161,-121.3842
1254,Gainesville,34.2902,-83.8294
1255,Cary,35.7819,-78.8195
1256,Rancho Cucamonga,34.1247,-117.5667
1257,Oceanside,33.2247,-117.3083
1258,Garden Grove,33.7787,-117.9601
1259,Lancaster,34.6935,-118.1753
1260,Hemet,33.7341,-116.9969
1261,Pembroke Pines,26.0128,-80.3382
1262,Panama City,30.1995,-85.6003
1263,Vallejo,38.1125,-122.2342
1264,Manchester,42.9848,-71.4447
1265,Medford,42.3372,-122.854
1266,Bayamón,18.3794,-66.1635
1267,Mauldin,34.7821,-82.3032
1268,Santa Cruz,36.9789,-122.0346
1269,Palmdale,34.5944,-118.1057
1270,Norwich,41.5495,-72.0882
1271,Muskegon,43.2281,-86.2562
1272,Leesburg,28.7672,-81.8962
1273,High Point,35.991,-79.9937
1274,Tuscaloosa,33.2348,-87.5268
1275,Visalia,36.3276,-119.3269
1276,Marysville,48.0809,-122.1561
1277,Merced,37.3057,-120.4779
1278,Hayward,37.6328,-122.0766
1279,Lafayette,40.3991,-86.8593
1280,Springfield,39.7709,-89.654
1281,Corona,33.8616,-117.5649
1282,Paterson,40.9147,-74.1624
1283,Alexandria,38.8185,-77.0861
1284,Macon,32.8065,-83.6974
1285,Binghamton,42.1014,-75.9093
1286,Lakewood,39.6977,-105.1172
1287,Kansas City,39.1235,-94.7443
1288,Odessa,31.8801,-102.3448
1289,Sunnyvale,37.3836,-122.0255
1290,New Bedford,41.6697,-70.9428
1291,Hollywood,26.0293,-80.1679
1292,South Lyon,42.4614,-83.6526
1293,Escondido,33.1348,-117.0723
1294,Lake Charles,30.201,-93.2111
1295,Pasadena,29.6575,-95.1498
1296,Bellevue,47.5951,-122.1535
1297,Joliet,41.5188,-88.1499
1298,Champaign,40.1142,-88.2737
1299,Pomona,34.0585,-117.7626
1300,Fairfield,38.2583,-122.0335
1301,Mesquite,32.7602,-96.5865
1302,Elkhart,41.6916,-85.9627
1303,Naperville,41.748,-88.1659
1304,St. George,37.0758,-113.5752
1305,Roseville,38.7703,-121.3196
1306,Topeka,39.0346,-95.6955
1307,Burlington,36.076,-79.4685
1308,Warner Robins,32.5961,-83.6527
1309,Surprise,33.6815,-112.4515
1310,Torrance,33.8346,-118.3416
1311,Santa Maria,34.9333,-120.4431
1312,Athens,33.9508,-83.3689
1313,Houma,29.58,-90.7059
1314,Columbia,38.9472,-92.3268
1315,Fullerton,33.8841,-117.9279
1316,Olathe,38.8833,-94.82
1317,Thornton,39.9197,-104.9438
1318,Greeley,40.4152,-104.7706
1319,Beaumont,30.0849,-94.1451
1320,Las Cruces,32.3265,-106.7893
1321,Midland,32.0243,-102.1147
1322,Metairie,29.9977,-90.178
1323,Carolina,18.4054,-65.9792
1324,West Valley City,40.6886,-112.0123
1325,Orange,33.8038,-117.8218
1326,Warren,42.4934,-83.027
1327,Grand Junction,39.0877,-108.5673
1328,Tyler,32.3184,-95.3062
1329,Pasadena,34.1597,-118.139
1330,Hampton,37.0551,-76.363
1331,Bloomington,40.4757,-88.9703
1332,Elizabeth,40.6658,-74.1913
1333,Stamford,41.1039,-73.5585
1334,Yuma,32.5995,-114.5491
1335,Kent,47.3887,-122.2128
1336,Miramar,25.9773,-80.3351
1337,Coeur d'Alene,47.704,-116.7936
1338,Coral Springs,26.2702,-80.2591
1339,Sterling Heights,42.5809,-83.0305
1340,Yuba City,39.1357,-121.6383
1341,Yakima,46.5923,-120.5496
1342,Carrollton,32.989,-96.8999
1343,Racine,42.7274,-87.8135
1344,Johnson City,36.3406,-82.3806
1345,Billings,45.7891,-108.5526
1346,Iowa City,41.6559,-91.5303
1347,Dover,39.161,-75.5202
1348,Bellingham,48.7548,-122.469
1349,Charleston,38.3484,-81.6322
1350,Lynchburg,37.4003,-79.1909
1351,Santa Clara,37.3646,-121.968
1352,Norman,35.2335,-97.3471
1353,Greenville,35.5943,-77.376
1354,Simi Valley,34.2663,-118.749
1355,Fort Smith,35.3495,-94.3695
1356,Abilene,32.4543,-99.7384
1357,Arecibo,18.4491,-66.7387
1358,Lewisville,33.0454,-96.9815
1359,Pearland,29.5581,-95.3218
1360,Lehigh Acres,26.612,-81.6388
1361,Kenosha,42.5865,-87.8773
1362,Seaside,36.6224,-121.8199
1363,Burlington,44.4876,-73.2316
1364,Arvada,39.832,-105.151
1365,Waldorf,38.6085,-76.9194
1366,Independence,39.0871,-94.3501
1367,Rochester,44.0154,-92.478
1368,Logan,41.7399,-111.8422
1369,Harlingen,26.1916,-97.6977
1370,Berkeley,37.8722,-122.276
1371,Clovis,36.8278,-119.683
1372,Round Rock,30.527,-97.6642
1373,Pueblo,38.2701,-104.6114
1374,Temple,31.1068,-97.3891
1375,Meridian,43.6116,-116.3977
1376,Duluth,46.7756,-92.1393
1377,The Woodlands,30.1738,-95.5134
1378,Boulder,40.0248,-105.2524
1379,Richardson,32.9716,-96.7093
1380,Cambridge,42.3759,-71.1185
1381,West Palm Beach,26.7469,-80.132
1382,Port Arthur,29.8554,-93.9264
1383,East Los Angeles,34.0326,-118.1691
1384,Redding,40.5698,-122.365
1385,Clearwater,27.979,-82.7623
1386,Monroe,32.5185,-92.0774
1387,Utica,43.0962,-75.2261
1388,St. Cloud,45.534,-94.1718
1389,Mandeville,30.3751,-90.0904
1390,West Jordan,40.6024,-112.0008
1391,North Charleston,32.9067,-80.0722
1392,Richmond,37.9477,-122.3389
1393,Westminster,39.8837,-105.0624
1394,Saginaw,43.4199,-83.9501
1395,Kailua,21.392,-157.7396
1396,Brandon,27.9367,-82.3
1397,Ponce,18.0127,-66.6212
1398,Carlsbad,33.1246,-117.2834
1399,Lowell,42.6389,-71.3217
1400,Broken Arrow,36.038,-95.7806
1401,Elgin,42.0383,-88.324
1402,Gresham,45.5021,-122.4413
1403,League City,29.4874,-95.1087
1404,Downey,33.9379,-118.1311
1405,Waterloo,42.4918,-92.3522
1406,Murrieta,33.5719,-117.1909
1407,Leominster,42.5209,-71.7717
1408,Longview,32.5193,-94.7622
1409,Jacksonville,34.7289,-77.3941
1410,Pompano Beach,26.2428,-80.1312
1411,Bend,44.0563,-121.3095
1412,Miami Gardens,25.9433,-80.2426
1413,Costa Mesa,33.6667,-117.9135
1414,Sioux City,42.4959,-96.3901
1415,Everett,47.9525,-122.1669
1416,Gilroy,37.0046,-121.5854
1417,San Buenaventura,34.2741,-119.2314
1418,Temecula,33.4928,-117.1315
1419,Sugar Land,29.5935,-95.6358
1420,Chico,39.7578,-121.8161
1421,Eau Claire,44.8197,-91.4948
1422,El Monte,34.0739,-118.0291
1423,Idaho Falls,43.4871,-112.0362
1424,Dearborn,42.3127,-83.213
1425,Bloomington,39.1637,-86.5257
1426,West Covina,34.0555,-117.9113
1427,Sparks,39.5736,-119.7161
1428,South Fulton,33.6273,-84.58
1429,Centennial,39.5926,-104.8673
1430,Sandy Springs,33.9366,-84.3703
1431,Inglewood,33.9566,-118.3444
1432,Hillsboro,45.5273,-122.936
1433,Columbia,39.2004,-76.859
1434,Burbank,34.1879,-118.3235
1435,Davie,26.0789,-80.287
1436,El Cajon,32.8017,-116.9604
1437,Jurupa Valley,34.001,-117.4706
1438,Allen,33.1088,-96.6735
1439,Auburn,32.6087,-85.4903
1440,Renton,47.4784,-122.1918
1441,Holland,42.7677,-86.0984
1442,Brockton,42.0821,-71.0242
1443,Rio Rancho,35.2873,-106.6982
1444,San Mateo,37.5522,-122.3121
1445,Rialto,34.1175,-117.3892
1446,Spokane Valley,47.6626,-117.2346
1447,Charlottesville,38.0375,-78.4855
1448,Menifee,33.6909,-117.1849
1449,Daly City,37.6862,-122.4685
1450,Wichita Falls,33.9072,-98.5291
1451,Riverview,27.8227,-82.3023
1452,Norwalk,33.9069,-118.0829
1453,Lee's Summit,38.9171,-94.3816
1454,Longmont,40.1686,-105.1005
1455,Vacaville,38.3587,-121.9673
1456,Highlands Ranch,39.5419,-104.9708
1457,Kingsport,36.5224,-82.5454
1458,San Tan Valley,33.1786,-111.5629
1459,Quincy,42.2506,-71.0187
1460,Edinburg,26.3196,-98.1597
1461,Lynn,42.4781,-70.9664
1462,San Angelo,31.4424,-100.4504
1463,Hesperia,34.3975,-117.3147
1464,Bowling Green,36.9716,-86.4378
1465,Federal Way,47.3091,-122.3358
1466,Carmel,39.965,-86.146
1467,Bismarck,46.8143,-100.7694
1468,Fishers,39.9588,-85.9659
1469,Lafayette,39.9946,-105.0998
1470,Vista,33.1896,-117.2386
1471,Boca Raton,26.3752,-80.108
1472,St. Augustine,29.8976,-81.31
1473,Beaverton,45.4779,-122.8168
1474,Goodyear,33.2614,-112.3622
1475,Portsmouth,36.8468,-76.354
1476,Orem,40.2981,-111.6994
1477,Sunrise,26.1547,-80.2997
1478,Portsmouth,43.058,-70.7826
1479,Arden-Arcade,38.6017,-121.3845
1480,Lawrence,38.9597,-95.2642
1481,Sandy,40.5709,-111.8506
1482,Slidell,30.2887,-89.7828
1483,Buckeye,33.4314,-112.6429
1484,Livonia,42.3972,-83.3733
1485,Williamsburg,37.2693,-76.7076
1486,Suffolk,36.6953,-76.6398
1487,Compton,33.893,-118.2274
1488,La Crosse,43.8241,-91.2268
1489,Edmond,35.6689,-97.416
1490,Carson,33.8374,-118.2559
1491,San Marcos,33.135,-117.1743
1492,Tracy,37.7269,-121.4523
1493,Prescott Valley,34.598,-112.3185
1494,Middletown,39.5033,-84.3659
1495,Fall River,41.7136,-71.1015
1496,San Germán,18.0827,-67.046
1497,Santa Fe,35.6619,-105.9819
1498,Plantation,26.1259,-80.2617
1499,Mayagüez,18.2003,-67.1397
1500,New Braunfels,29.6994,-98.1148
1501,Roswell,34.0391,-84.3513
1502,Conroe,30.3238,-95.4824
1503,South Gate,33.9447,-118.1926
1504,Santa Monica,34.0235,-118.481
1505,Kirkland,47.697,-122.2057
1506,Hoover,33.3763,-86.8068
1507,O'Fallon,38.785,-90.7175
1508,Alafaya,28.528,-81.1868
1509,Palm Coast,29.5389,-81.2457
1510,Norwalk,41.1144,-73.4215
1511,Lawton,34.6175,-98.4202
1512,Chino,33.9836,-117.6654
1513,Mount Pleasant,32.8537,-79.8203
1514,Manteca,37.7927,-121.2264
1515,Westminster,33.7523,-117.9938
1516,Florence,34.178,-79.7898
1517,Joplin,37.0757,-94.5018
1518,Germantown,39.1755,-77.2643
1519,San Leandro,37.7074,-122.1599
1520,Town 'n' Country,28.0106,-82.5763
1521,Clifton,40.863,-74.1575
1522,Waukegan,42.3698,-87.8716
1523,Bloomington,44.8306,-93.3151
1524,Avondale,33.3873,-112.3235
1525,Atascocita,29.9777,-95.1953
1526,Missoula,46.8751,-114.0214
1527,Fort Myers,26.6194,-81.8302
1528,Newton,42.3316,-71.2085
1529,Lawrence,42.7002,-71.1626
1530,Muncie,40.1989,-85.395
1531,Rapid City,44.0716,-103.2204
1532,Troy,42.5817,-83.1457
1533,Livermore,37.6868,-121.7607
1534,Citrus Heights,38.6948,-121.288
1535,Hawthorne,33.9147,-118.3476
1536,Winchester,39.1735,-78.1746
1537,Springdale,36.1901,-94.1574
1538,Whittier,33.9678,-118.0188
1539,Deerfield Beach,26.305,-80.1277
1540,Decatur,39.8557,-88.9342
1541,San Ramon,37.7624,-121.9365
1542,Vineland,39.4653,-74.9981
1543,Mission,26.2039,-98.3256
1544,Auburn,47.3039,-122.2108
1545,Lake Forest,33.6605,-117.6714
1546,Newport Beach,33.6151,-117.8668
1547,Melbourne,28.1086,-80.6627
1548,Brooklyn Park,45.1112,-93.3505
1549,Bryan,30.665,-96.3807
1550,Westland,42.3192,-83.3805
1551,Napa,38.2975,-122.301
1552,Baytown,29.7587,-94.9671
1553,Cicero,41.8445,-87.7593
1554,Anderson,40.0891,-85.6892
1555,Franklin,35.92,-86.8516
1556,Farmington Hills,42.486,-83.3771
1557,Buena Park,33.8572,-118.0046
1558,Albany,31.5776,-84.1762
1559,Pine Hills,28.5818,-81.4692
1560,State College,40.7909,-77.8567
1561,Redwood City,37.5025,-122.2253
1562,Warwick,41.7062,-71.4334
1563,Jackson,42.2431,-84.4038
1564,Cranston,41.7658,-71.4858
1565,Largo,27.9088,-82.7712
1566,Miami Beach,25.8171,-80.1396
1567,Alhambra,34.084,-118.1355
1568,Johns Creek,34.0333,-84.2027
1569,Mountain View,37.4001,-122.0796
1570,Salisbury,38.3756,-75.5865
1571,Morgantown,39.6383,-79.9464
1572,Silver Spring,39.0028,-77.0207
1573,Layton,41.077,-111.962
1574,Springfield,39.93,-83.7959
1575,Lakewood,33.8471,-118.1222
1576,Florence,34.8303,-87.6655
1577,Folsom,38.6668,-121.1422
1578,Madera,36.963,-120.0778
1579,New Rochelle,40.9304,-73.7836
1580,Parma,41.3843,-81.7286
1581,Terre Haute,39.466,-87.3751
1582,Somerville,42.3908,-71.1014
1583,Flagstaff,35.1872,-111.6194
1584,Boynton Beach,26.5281,-80.0811
1585,Homestead,25.4665,-80.4472
1586,Newark,40.0706,-82.425
1587,Plymouth,45.0225,-93.4617
1588,Anniston,33.6712,-85.8135
1589,Texarkana,33.45,-94.0847
1590,Tustin,33.7311,-117.8107
1591,Pharr,26.1685,-98.1904
1592,Port Huron,42.9821,-82.4388
1593,Turlock,37.5053,-120.8588
1594,Rancho Cordova,38.5737,-121.2527
1595,The Villages,28.9034,-81.9887
1596,Milpitas,37.4336,-121.8921
1597,Perris,33.7898,-117.2233
1598,Upland,34.1178,-117.6604
1599,Alton,38.9037,-90.152
1600,Pleasanton,37.6663,-121.8805
1601,Kendall,25.6697,-80.3556
1602,Jonesboro,35.8212,-90.6791
1603,Bellflower,33.888,-118.1271
1604,Battle Creek,42.2985,-85.2296
1605,Chino Hills,33.9508,-117.7254
1606,Cheyenne,41.135,-104.7902
1607,Lebanon,40.3412,-76.4228
1608,Carmichael,38.6318,-121.3263
1609,South Jordan,40.557,-111.9784
1610,Davis,38.5553,-121.737
1611,Elizabethtown,37.7031,-85.8773
1612,Schaumburg,42.0308,-88.0838
1613,Alameda,37.7668,-122.267
1614,Hammond,41.6168,-87.4909
1615,Pasco,46.2506,-119.1305
1616,Evanston,42.0464,-87.6943
1617,Lehi,40.4136,-111.8725
1618,Alexandria,31.2923,-92.4702
1619,North Port,27.0576,-82.1977
1620,Arlington Heights,42.0955,-87.9826
1621,Camarillo,34.223,-119.0321
1622,Wyoming,42.8908,-85.7066
1623,Flower Mound,33.0343,-97.1146
1624,Bethlehem,40.6266,-75.3679
1625,Hattiesburg,31.3074,-89.317
1626,Loveland,40.4166,-105.0623
1627,Pittsburg,38.0182,-121.8965
1628,Cedar Park,30.5105,-97.8197
1629,Wenatchee,47.436,-120.3295
1630,Southfield,42.4765,-83.2605
1631,Rochester Hills,42.6645,-83.1563
1632,Hammond,30.5061,-90.4563
1633,Valdosta,30.8502,-83.2788
1634,Owensboro,37.7575,-87.1172
1635,Apple Valley,34.5352,-117.2109
1636,Woodbury,44.9057,-92.923
1637,Pawtucket,41.8744,-71.3743
1638,St. Joseph,39.7598,-94.821
1639,Doral,25.8152,-80.3565
1640,Dover,43.1887,-70.8845
1641,Missouri City,29.563,-95.5365
1642,Saratoga Springs,43.0674,-73.7775
1643,Pocatello,42.8724,-112.4647
1644,Oshkosh,44.0227,-88.5619
1645,New Britain,41.6759,-72.7862
1646,Castle Rock,39.3763,-104.8535
1647,Lauderhill,26.1605,-80.2241
1648,Broomfield,39.9542,-105.0526
1649,Dale City,38.6473,-77.3459
1650,Bolingbrook,41.6901,-88.1021
1651,Redmond,47.6763,-122.1169
1652,Caguas,18.2319,-66.0388
1653,Mansfield,32.569,-97.1213
1654,Ellicott City,39.2774,-76.8345
1655,Sheboygan,43.7403,-87.7316
1656,Mansfield,40.7656,-82.5275
1657,Glens Falls,43.3109,-73.6458
1658,Daytona Beach,29.1995,-81.0982
1659,Lodi,38.1218,-121.2932
1660,Redlands,34.0512,-117.1712
1661,Harrisonburg,38.4362,-78.8735
1662,Dothan,31.2336,-85.407
1663,Cleveland,35.1817,-84.8707
1664,Jackson,35.6538,-88.8354
1665,Mount Vernon,40.9136,-73.8291
1666,Centreville,38.839,-77.4389
1667,Altoona,40.5082,-78.4007
1668,Framingham,42.3085,-71.4368
1669,Camden,39.9361,-75.1073
1670,Georgetown,30.666,-97.6966
1671,Baldwin Park,34.0829,-117.9722
1672,Rocklin,38.8075,-121.2489
1673,Porterville,36.0643,-119.0338
1674,Tamarac,26.2056,-80.2539
1675,Glen Burnie,39.156,-76.6071
1676,Blacksburg,37.23,-80.4279
1677,Wausau,44.962,-89.6459
1678,Sumter,33.9392,-80.393
1679,Janesville,42.6854,-89.0135
1680,Brunswick,31.1449,-81.4746
1681,Dublin,37.7161,-121.8963
1682,Wilmington,39.7415,-75.5416
1683,Waukesha,43.0087,-88.2464
1684,Fairbanks,64.8353,-147.6533
1685,Lakeville,44.6774,-93.252
1686,St. Charles,38.7954,-90.5157
1687,Redondo Beach,33.8577,-118.3765
1688,Spring Hill,35.7437,-86.9116
1689,Bayonne,40.6668,-74.1158
1690,Grand Forks,47.9214,-97.0884
1691,Noblesville,40.0355,-86.0042
1692,Guaynabo,18.3832,-66.1134
1693,El Paso de Robles,35.6394,-120.656
1694,North Richland Hills,32.8604,-97.218
1695,Maple Grove,45.1089,-93.4626
1696,Passaic,40.8574,-74.1282
1697,Blaine,45.1696,-93.2077
1698,Lake Elsinore,33.6847,-117.3344
1699,Rogers,36.317,-94.1531
1700,Casas Adobes,32.3423,-111.0113
1701,Sherman,33.6273,-96.6221
1702,Walnut Creek,37.9024,-122.0399
1703,Conway,35.0753,-92.4692
1704,Eastvale,33.9617,-117.5803
1705,Union City,37.6032,-122.0181
1706,Michigan City,41.7092,-86.869
1707,Poinciana,28.1217,-81.4821
1708,Tulare,36.1995,-119.34
1709,Gary,41.5905,-87.3473
1710,Gaithersburg,39.1346,-77.2131
1711,East Orange,40.7651,-74.2117
1712,Wesley Chapel,28.2106,-82.3238
1713,West Des Moines,41.5521,-93.7806
1714,Dalton,34.769,-84.972
1715,Dubuque,42.5002,-90.707
1716,Schenectady,42.8025,-73.9275
1717,Ankeny,41.7288,-93.6031
1718,Maricopa,33.0408,-112.0011
1719,Eagan,44.817,-93.1638
1720,Hanford,36.3274,-119.6549
1721,Bristol,36.5572,-82.2154
1722,Yorba Linda,33.889,-117.7714
1723,Weston,26.1006,-80.4054
1724,Watsonville,36.9206,-121.7708
1725,Palo Alto,37.3905,-122.1468
1726,South Hill,47.1198,-122.2853
1727,Shawnee,39.0158,-94.8076
1728,San Marcos,29.8734,-97.9356
1729,Great Falls,47.5022,-111.2996
1730,Haverhill,42.7838,-71.0871
1731,Union City,40.7675,-74.0323
1732,Palatine,42.118,-88.043
1733,Longview,46.1461,-122.963
1734,Corvallis,44.5698,-123.2779
1735,Rockville,39.0834,-77.1553
1736,Skokie,42.036,-87.74
1737,Mount Vernon,48.4203,-122.3115
1738,Casper,42.842,-106.3208
1739,Ames,42.0256,-93.6217
1740,Delray Beach,26.455,-80.0905
1741,Sammamish,47.6017,-122.0416
1742,Lynwood,33.924,-118.2016
1743,Dundalk,39.2704,-76.4942
1744,Bethesda,38.9866,-77.1188
1745,Morristown,36.2043,-83.3001
1746,Juana Díaz,18.0532,-66.5044
1747,Kankakee,41.102,-87.8643
1748,Fajardo,18.3331,-65.6589
1749,Alpharetta,34.0704,-84.2738
1750,Novi,42.4786,-83.4893
1751,Kenner,30.0109,-90.2549
1752,Bay City,43.5902,-83.8887
1753,Victoria,28.8287,-96.9849
1754,South San Francisco,37.6538,-122.4196
1755,Apex,35.7237,-78.8743
1756,Parkersburg,39.2623,-81.542
1757,Malden,42.4305,-71.0576
1758,Castro Valley,37.7088,-122.0626
1759,Bozeman,45.6833,-111.0558
1760,Brentwood,40.7839,-73.2522
1761,Waltham,42.3889,-71.2423
1762,Pflugerville,30.4515,-97.6018
1763,North Little Rock,34.7807,-92.2371
1764,Brentwood,37.9356,-121.719
1765,Laguna Niguel,33.5275,-117.705
1766,San Clemente,33.4499,-117.6102
1767,Burnsville,44.7648,-93.2793
1768,Spring,30.0613,-95.383
1769,Port Charlotte,26.9918,-82.114
1770,Eden Prairie,44.8488,-93.4595
1771,Greenwood,39.6019,-86.1073
1772,Millcreek,40.6892,-111.8292
1773,Bellevue,41.1485,-95.939
1774,Coon Rapids,45.1755,-93.3094
1775,Rowlett,32.9155,-96.5489
1776,Hamilton,39.3939,-84.5653
1777,Lakewood,47.1628,-122.5299
1778,Florence-Graham,33.9682,-118.2447
1779,Commerce City,39.8641,-104.843
1780,Bossier City,32.5224,-93.6668
1781,Taylor,42.226,-83.2688
1782,La Habra,33.9282,-117.9515
1783,Port Orange,29.1085,-81.0137
1784,Moore,35.3293,-97.4757
1785,Council Bluffs,41.2369,-95.8516
1786,Leander,30.5728,-97.8618
1787,Dearborn Heights,42.3164,-83.2769
1788,Reston,38.9497,-77.3461
1789,Montebello,34.0155,-118.1108
1790,Pontiac,42.6493,-83.2878
1791,Encinitas,33.0492,-117.261
1792,Queen Creek,33.2454,-111.6173
1793,Medford,42.4234,-71.1087
1794,Springfield,44.0538,-122.9811
1795,Hendersonville,36.3063,-86.5997
1796,Palm Harbor,28.0847,-82.7481
1797,Pico Rivera,33.9901,-118.0888
1798,Marietta,33.9533,-84.5422
1799,Wellington,26.6461,-80.2699
1800,Sanford,28.7891,-81.2757
1801,Woodland,38.6712,-121.75
1802,Caldwell,43.6453,-116.6594
1803,Huntersville,35.406,-80.8716
1804,Bristol,41.6812,-72.9407
1805,Jupiter,26.92,-80.1128
1806,San Rafael,37.9905,-122.5221
1807,La Mesa,32.7703,-117.0204
1808,Richland,46.2824,-119.2939
1809,Revere,42.4189,-71.004
1810,Meriden,41.5369,-72.7946
1811,Monterey Park,34.0497,-118.1326
1812,Gardena,33.8943,-118.3072
1813,Euless,32.8508,-97.08
1814,Des Plaines,42.0345,-87.9008
1815,West Allis,43.0068,-88.0296
1816,North Miami,25.9008,-80.1686
1817,St. Cloud,28.2363,-81.2779
1818,The Hammocks,25.67,-80.4482
1819,Cupertino,37.3168,-122.0466
1820,Taylorsville,40.6569,-111.9493
1821,Petaluma,38.2423,-122.6266
1822,Kokomo,40.464,-86.1277
1823,Santee,32.8554,-116.9851
1824,Stonecrest,33.6842,-84.1372
1825,Taunton,41.9036,-71.0943
1826,White Plains,41.022,-73.7547
1827,Palm Beach Gardens,26.8466,-80.1679
1828,Chapel Hill,35.9271,-79.0391
1829,Hoboken,40.7452,-74.0281
1830,Parker,39.5084,-104.7753
1831,Blue Springs,39.0124,-94.2721
1832,Shoreline,47.7564,-122.3426
1833,St. Clair Shores,42.4925,-82.8961
1834,Horizon West,28.4417,-81.6146
1835,Margate,26.2466,-80.2119
1836,Orland Park,41.6075,-87.8619
1837,Carson City,39.1511,-119.7476
1838,Midwest City,35.463,-97.371
1839,Royal Oak,42.5084,-83.1539
1840,Bowie,38.9549,-76.7406
1841,Kettering,39.6956,-84.1494
1842,St. Peters,38.7825,-90.6061
1843,Oak Lawn,41.7139,-87.7528
1844,Towson,39.3944,-76.619
1845,Coconut Creek,26.2803,-80.1842
1846,Decatur,34.5731,-86.9905
1847,Lenexa,38.9609,-94.8018
1848,Bartlett,35.2337,-89.8195
1849,South Whittier,33.9336,-118.0312
1850,Lake Havasu City,34.5006,-114.3113
1851,Bel Air South,39.5022,-76.3113
1852,Fountainebleau,25.7723,-80.346
1853,Wylie,33.0362,-96.5161
1854,Madison,34.7114,-86.7626
1855,Brookhaven,33.8743,-84.3314
1856,Highland,34.1113,-117.165
1857,Fountain Valley,33.7105,-117.9514
1858,Berwyn,41.8433,-87.7909
1859,Severn,39.1355,-76.6956
1860,Albany,44.6272,-123.0965
1861,National City,32.6654,-117.0983
1862,Lacey,47.0462,-122.7933
1863,Mount Prospect,42.0641,-87.9375
1864,Arcadia,34.1342,-118.0373
1865,DeSoto,32.5992,-96.8633
1866,Smyrna,33.8633,-84.5168
1867,Bradenton,27.4901,-82.5757
1868,New Brunswick,40.487,-74.445
1869,Apple Valley,44.7457,-93.2004
1870,Tinley Park,41.567,-87.8049
1871,Sarasota,27.3387,-82.5432
1872,Hacienda Heights,33.997,-117.9727
1873,Chicopee,42.1764,-72.5719
1874,West Haven,41.2739,-72.9672
1875,Herriman,40.4899,-112.017
1876,Perth Amboy,40.5202,-74.2724
1877,Casa Grande,32.9069,-111.7624
1878,Tigard,45.4237,-122.7845
1879,Apopka,28.7015,-81.5316
1880,Southaven,34.9514,-89.9786
1881,Huntington Park,33.98,-118.2167
1882,Diamond Bar,33.9992,-117.8161
1883,Bentonville,36.3547,-94.2305
1884,Yucaipa,34.0336,-117.0429
1885,Plainfield,40.6154,-74.4157
1886,Manhattan,39.1886,-96.6048
1887,Aspen Hill,39.0927,-77.0826
1888,Rocky Mount,35.9685,-77.804
1889,Peabody,42.5335,-70.9725
1890,West Sacramento,38.5557,-121.5505
1891,San Jacinto,33.797,-116.9916
1892,Kentwood,42.8852,-85.5926
1893,Colton,34.0538,-117.3255
1894,Oak Park,41.8872,-87.7899
1895,Westchester,25.7471,-80.3523
1896,Smyrna,35.9687,-86.5264
1897,Wheaton,41.8561,-88.1085
1898,Beaumont,33.9076,-116.9766
1899,Aloha,45.492,-122.8725
1900,Minnetonka,44.9322,-93.4598
1901,Pinellas Park,27.8589,-82.7078
1902,Kannapolis,35.4764,-80.6408
1903,Paramount,33.8977,-118.1651
1904,Texas City,29.4154,-94.9682
1905,Novato,38.092,-122.5575
1906,Edina,44.8914,-93.3602
1907,Normal,40.5217,-88.9884
1908,Tamiami,25.7556,-80.4016
1909,Grand Island,40.9218,-98.3586
1910,Methuen Town,42.734,-71.1889
1911,Elyria,41.376,-82.106
1912,Wheaton,39.0492,-77.0573
1913,Kendale Lakes,25.7081,-80.4078
1914,Marana,32.4355,-111.1558
1915,West New York,40.7857,-74.0094
1916,Twin Falls,42.5645,-114.4613
1917,Florissant,38.7996,-90.3269
1918,Glendora,34.1449,-117.8467
1919,Cathedral City,33.8362,-116.4642
1920,Aliso Viejo,33.5792,-117.7289
1921,Placentia,33.8807,-117.8553
1922,Hoffman Estates,42.064,-88.1468
1923,Burien,47.4762,-122.3394
1924,Dunwoody,33.9418,-84.3122
1925,Palm Desert,33.7378,-116.3695
1926,Troy,42.7354,-73.6751
1927,Collierville,35.047,-89.6987
1928,Levittown,40.1533,-74.8531
1929,Rosemead,34.0689,-118.0823
1930,Country Club,25.9407,-80.3102
1931,Enid,36.4063,-97.87
1932,Cuyahoga Falls,41.1641,-81.5207
1933,Mishawaka,41.6742,-86.1666
1934,Columbus,39.2093,-85.9183
1935,Summerville,33.0016,-80.1799
1936,Levittown,40.7241,-73.5125
1937,Grapevine,32.9343,-97.0742
1938,Covina,34.0903,-117.8818
1939,Milford city ,41.2255,-73.0625
1940,Draper,40.4957,-111.8605
1941,Lakewood,41.4822,-81.8008
1942,Catalina Foothills,32.3046,-110.8838
1943,Delano,35.7662,-119.2635
1944,Lincoln,38.8774,-121.2937
1945,Murray,40.6498,-111.8874
1946,Mooresville,35.5847,-80.8266
1947,Downers Grove,41.7949,-88.0172
1948,Florin,38.4832,-121.4043
1949,Cypress,33.8171,-118.0386
1950,Jeffersonville,38.3376,-85.7026
1951,North Bethesda,39.0393,-77.1191
1952,Azusa,34.1386,-117.9124
1953,Coral Gables,25.7037,-80.2715
1954,Chesterfield,38.6589,-90.5803
1955,McLean,38.9436,-77.1943
1956,St. Louis Park,44.9488,-93.3649
1957,East Honolulu,21.2975,-157.7211
1958,Bedford,32.8464,-97.135
1959,Euclid,41.5903,-81.5188
1960,Lawrence,39.8674,-85.9904
1961,Ceres,37.5952,-120.962
1962,University,28.0771,-82.4335
1963,Biloxi,30.4426,-88.9514
1964,El Dorado Hills,38.675,-121.049
1965,Cerritos,33.8678,-118.0686
1966,Burleson,32.517,-97.3344
1967,Portage,42.2,-85.5906
1968,Dublin,40.1112,-83.1454
1969,Poway,32.9871,-117.0201
1970,Cedar Hill,32.581,-96.9591
1971,Everett,42.4064,-71.0545
1972,Stillwater,36.1317,-97.0742
1973,Titusville,28.5727,-80.8193
1974,Niagara Falls,43.0921,-79.0147
1975,Kyle,29.9932,-97.8852
1976,Leesburg,39.1057,-77.5544
1977,Westfield,40.0341,-86.1529
1978,Little Elm,33.1858,-96.9295
1979,Middletown,41.5476,-72.6549
1980,North Highlands,38.6713,-121.3721
1981,Tuckahoe,37.5878,-77.5858
1982,Wake Forest,35.9632,-78.514
1983,Minot,48.2375,-101.278
1984,Roswell,33.373,-104.5294
1985,Wauwatosa,43.0616,-88.0347
1986,Bothell,47.7735,-122.2044
1987,Glenview,42.0825,-87.8214
1988,Rockwall,32.9169,-96.4374
1989,Wilson,35.7311,-77.9284
1990,Rancho Santa Margarita,33.6318,-117.5988
1991,La Mirada,33.9025,-118.0093
1992,Antelope,38.7153,-121.361
1993,Hilo,19.6883,-155.0863
1994,San Luis Obispo,35.2669,-120.669
1995,Roseville,42.5074,-82.9369
1996,Newark,37.5201,-122.0307
1997,Mentor,41.6893,-81.3362
1998,Ocoee,28.5796,-81.5332
1999,Rowland Heights,33.9716,-117.8912
2000,Fort Pierce,27.4255,-80.3431
2001,Brea,33.9254,-117.8655
2002,Oro Valley,32.4208,-110.9767
2003,East Providence,41.8065,-71.3565
2004,Pearl City,21.4031,-157.9566
2005,Salina,38.8136,-97.6143
2006,Beavercreek,39.731,-84.0624
2007,Winter Garden,28.5421,-81.5967
2008,Potomac,39.0141,-77.1943
2009,Farmington,36.7555,-108.1823
2010,Attleboro,41.9311,-71.295
2011,Huntsville,30.7009,-95.5567
2012,Strongsville,41.3128,-81.8313
2013,Eagle Mountain,40.3137,-112.0114
2014,Prescott,34.5849,-112.4473
2015,Olive Branch,34.961,-89.8469
2016,Goose Creek,32.9927,-80.0055
2017,Sicklerville,39.7452,-74.9934
2018,Altamonte Springs,28.6615,-81.3953
2019,Haltom City,32.8176,-97.2707
2020,Hackensack,40.8891,-74.0462
2021,Elmhurst,41.8973,-87.9432
2022,Urbandale,41.639,-93.7812
2023,Los Banos,37.063,-120.8406
2024,Littleton,39.5915,-105.0188
2025,Ashburn,39.0277,-77.4714
2026,East Lansing,42.748,-84.4836
2027,Bountiful,40.8721,-111.8647
2028,Keller,32.9335,-97.2256
2029,Morgan Hill,37.1325,-121.6419
2030,Sierra Vista,31.563,-110.3153
2031,Sayreville,40.4656,-74.3237
2032,Odenton,39.0661,-76.6938
2033,Cleveland Heights,41.5113,-81.5636
2034,Gallatin,36.3782,-86.4698
2035,Plainfield,41.6207,-88.2253
2036,Palm Springs,33.8017,-116.5382
2037,Riverton,40.5176,-111.9636
2038,West Lafayette,40.4432,-86.9238
2039,Brentwood,35.9918,-86.7758
2040,Cutler Bay,25.5765,-80.3356
2041,Lake Ridge,38.6847,-77.3066
2042,Whitney,36.1008,-115.0379
2043,Pahrump,36.2235,-115.9974
2044,North Lauderdale,26.2113,-80.2209
2045,Fairfield,39.3301,-84.5409
2046,Wentzville,38.8153,-90.8669
2047,Salem,42.5129,-70.9021
2048,Fond du Lac,43.7718,-88.4397
2049,Rohnert Park,38.3479,-122.6965
2050,Mankato,44.1715,-93.9772
2051,Moorhead,46.8673,-96.7461
2052,The Colony,33.0925,-96.8976
2053,Burke,38.7773,-77.2633
2054,Freeport,40.6515,-73.585
2055,El Centro,32.7865,-115.5595
2056,Shakopee,44.7745,-93.4772
2057,Wilkes-Barre,41.2469,-75.876
2058,Lompoc,34.6618,-120.4714
2059,Hicksville,40.7637,-73.5245
2060,Oakland Park,26.178,-80.1528
2061,Lombard,41.8741,-88.0157
2062,Concord,43.2305,-71.5595
2063,Pittsfield,42.4517,-73.2605
2064,Greenacres,26.627,-80.1371
2065,Oakley,37.9929,-121.6952
2066,Linden,40.6251,-74.2383
2067,Campbell,37.2802,-121.9539
2068,Danville,37.8121,-121.9698
2069,North Miami Beach,25.9302,-80.1659
2070,Clermont,28.5325,-81.7208
2071,San Bruno,37.6256,-122.4313
2072,Channelview,29.7914,-95.1144
2073,Trujillo Alto,18.3599,-66.0096
2074,Ormond Beach,29.2985,-81.1014
2075,Huber Heights,39.8595,-84.113
2076,Woonsocket,42.001,-71.4993
2077,Buffalo Grove,42.1675,-87.9615
2078,West Babylon,40.7129,-73.3585
2079,Catonsville,39.2646,-76.7424
2080,Altadena,34.1927,-118.1346
2081,Edmonds,47.8115,-122.3533
2082,Linton Hall,38.7551,-77.575
2083,Spanish Fork,40.1101,-111.6405
2084,Newnan,33.3767,-84.7761
2085,Vineyard,38.474,-121.324
2086,Jefferson City,38.5676,-92.1759
2087,Manassas,38.7479,-77.4838
2088,Woodbridge,38.6409,-77.258
2089,Puyallup,47.1793,-122.2902
2090,Schertz,29.565,-98.2535
2091,Coppell,32.9639,-96.9903
2092,Danville,36.5831,-79.4088
2093,North Fort Myers,26.7244,-81.8485
2094,Columbia,35.6238,-87.0484
2095,Moline,41.4821,-90.492
2096,Beverly,42.5681,-70.8627
2097,Midland,43.6241,-84.2319
2098,Annandale,38.8324,-77.196
2099,Coachella,33.6905,-116.143
2100,Woodlawn,39.3054,-76.7489
2101,Meadow Woods,28.3698,-81.3467
2102,Coram,40.8812,-73.0059
2103,Belleville,38.5164,-89.99
2104,Peachtree Corners,33.967,-84.232
2105,Hollister,36.8555,-121.3986
2106,Holly Springs,35.6526,-78.8399
2107,Delaware,40.2851,-83.0741
2108,Rancho Palos Verdes,33.7554,-118.3634
2109,Waxahachie,32.4035,-96.8446
2110,Mableton,33.8133,-84.5655
2111,Fitchburg,42.5912,-71.8156
2112,Bullhead City,35.1205,-114.5461
2113,Grove City,39.8654,-83.069
2114,Maplewood,44.9842,-93.0247
2115,Marion,42.0451,-91.585
2116,Marlborough,42.3494,-71.5468
2117,Brookfield,43.064,-88.1231
2118,French Valley,33.5999,-117.1069
2119,Shelton,41.306,-73.1383
2120,Pine Bluff,34.2116,-92.0173
2121,Kearny,40.7528,-74.1202
2122,Hallandale Beach,25.9854,-80.1423
2123,Germantown,35.0829,-89.7824
2124,Milton,34.1353,-84.3139
2125,Woburn,42.4869,-71.1543
2126,Lancaster,32.5922,-96.7739
2127,Reynoldsburg,39.9588,-82.7943
2128,Covington,39.0334,-84.5166
2129,Friendswood,29.511,-95.1981
2130,Weslaco,26.1599,-97.9877
2131,Land O' Lakes,28.2075,-82.4476
2132,Essex,39.3021,-76.4449
2133,Bartlett,41.9804,-88.2071
2134,Westfield,42.1382,-72.7561
2135,Annapolis,38.9706,-76.5047
2136,DeKalb,41.9314,-88.7481
2137,Cedar Falls,42.5195,-92.4536
2138,Lancaster,39.7248,-82.6049
2139,Brighton,39.9716,-104.7963
2140,Crystal Lake,42.2333,-88.3351
2141,Lake Oswego,45.4129,-122.7004
2142,Severna Park,39.087,-76.5687
2143,Findlay,41.0469,-83.6379
2144,Saratoga Springs,40.345,-111.9154
2145,New Berlin,42.9726,-88.1291
2146,Culver City,34.0058,-118.3968
2147,Indian Trail,35.0699,-80.6452
2148,Duncanville,32.646,-96.9127
2149,Valley Stream,40.6647,-73.7043
2150,Clinton,38.7499,-76.9063
2151,The Acreage,26.774,-80.2779
2152,Romeoville,41.6318,-88.0997
2153,Hurst,32.8353,-97.1809
2154,Post Falls,47.7213,-116.9384
2155,Hutchinson,38.0671,-97.9081
2156,Chelsea,42.3959,-71.0325
2157,Waipahu,21.3859,-158.0101
2158,Lynnwood,47.8284,-122.3033
2159,Lincoln Park,42.2432,-83.1811
2160,Fort Lee,40.8509,-73.9713
2161,Cape Girardeau,37.3109,-89.5597
2162,Hobbs,32.7281,-103.16
2163,Carol Stream,41.9181,-88.1307
2164,Plant City,28.014,-82.1201
2165,Aventura,25.9566,-80.1371
2166,Lebanon,36.204,-86.3481
2167,Streamwood,42.0209,-88.1779
2168,Oviedo,28.658,-81.1872
2169,Mount Juliet,36.199,-86.5115
2170,Quincy,39.9336,-91.3799
2171,Issaquah,47.5439,-122.0471
2172,Parkland,47.1417,-122.4376
2173,Park Ridge,42.0125,-87.8436
2174,Cottage Grove,44.8161,-92.9274
2175,Bell Gardens,33.9663,-118.155
2176,San Gabriel,34.0949,-118.099
2177,Warren,41.239,-80.8174
2178,Security-Widefield,38.7489,-104.7142
2179,Grants Pass,42.4333,-123.3317
2180,Keizer,45.0028,-123.0243
2181,Roy,41.1714,-112.0485
2182,Bettendorf,41.5657,-90.4765
2183,Westerville,40.1241,-82.921
2184,Royal Palm Beach,26.7038,-80.2241
2185,Apache Junction,33.3985,-111.535
2186,Navarre,30.4174,-86.8907
2187,Wheeling,42.1308,-87.924
2188,Lake Stevens,48.0024,-122.0953
2189,Rexburg,43.8226,-111.7919
2190,Urbana,40.1107,-88.1973
2191,Rosenberg,29.5456,-95.8223
2192,West Fargo,46.8573,-96.9057
2193,La Presa,32.711,-117.0027
2194,Menomonee Falls,43.1487,-88.1227
2195,Vestavia Hills,33.4518,-86.7437
2196,Calexico,32.6849,-115.4944
2197,Valrico,27.9193,-82.2293
2198,La Vergne,36.02,-86.5586
2199,Atlantic City,39.3797,-74.4527
2200,Clovis,34.4376,-103.1923
2201,Peachtree City,33.3942,-84.571
2202,Phenix City,32.4585,-85.0253
2203,DeLand,29.0225,-81.2875
2204,Mechanicsville,37.6263,-77.3561
2205,Stanton,33.8003,-117.9935
2206,Holyoke,42.2125,-72.6411
2207,Winter Springs,28.6889,-81.2703
2208,Owasso,36.2878,-95.8311
2209,Prattville,32.4597,-86.4573
2210,East Point,33.6696,-84.4701
2211,Pacifica,37.6113,-122.4782
2212,Hot Springs,34.4892,-93.0501
2213,Adelanto,34.5814,-117.4397
2214,Princeton,25.5396,-80.3971
2215,Northglenn,39.9108,-104.9783
2216,Tupelo,34.2692,-88.7318
2217,La Quinta,33.6536,-116.2785
2218,Elmont,40.7033,-73.7078
2219,Mission Bend,29.6948,-95.6658
2220,Montclair,34.0715,-117.6981
2221,La Puente,34.0323,-117.9533
2222,Carpentersville,42.1227,-88.2896
2223,Sun City,33.6165,-112.2819
2224,Portage,41.5856,-87.1797
2225,Hilton Head Island,32.1896,-80.7499
2226,Riviera Beach,26.7813,-80.0741
2227,Monrovia,34.165,-117.9921
2228,Foothill Farms,38.6867,-121.3475
2229,Rome,34.2662,-85.1863
2230,South Valley,35.0093,-106.6819
2231,New Albany,38.309,-85.8234
2232,Lewiston,44.0915,-70.1681
2233,Winchester,36.1365,-115.137
2234,Greenfield,42.9619,-88.0052
2235,Georgetown,38.2247,-84.5487
2236,Evans,33.5619,-82.1351
2237,Pleasant Grove,40.3716,-111.7412
2238,Oregon City,45.3418,-122.5924
2239,Bartlesville,36.7365,-95.9456
2240,Rock Island,41.4699,-90.5827
2241,Hanover Park,41.9818,-88.1446
2242,Leavenworth,39.3239,-94.924
2243,Martinez,37.9985,-122.1161
2244,Greer,34.933,-82.2313
2245,Tucker,33.8436,-84.2024
2246,Richmond West,25.6105,-80.4297
2247,Muskogee,35.7432,-95.3567
2248,Claremont,34.1259,-117.7153
2249,Kearns,40.6519,-112.0095
2250,East Meadow,40.7197,-73.5604
2251,Wildomar,33.6173,-117.2582
2252,Richfield,44.8763,-93.2829
2253,Estero,26.4276,-81.7951
2254,Beloit,42.523,-89.0184
2255,Oakton,38.8887,-77.3016
2256,Central Islip,40.7836,-73.1945
2257,Franklin,42.8854,-88.0104
2258,Upper Arlington,40.0272,-83.0704
2259,Copperas Cove,31.1192,-97.914
2260,Tooele,40.5393,-112.3082
2261,Oak Creek,42.8803,-87.9009
2262,Randallstown,39.3723,-76.8024
2263,Merrillville,41.4728,-87.3196
2264,Temple City,34.1022,-118.0579
2265,Carrollwood,28.0577,-82.5148
2266,Hilliard,40.0353,-83.1578
2267,Dunedin,28.0329,-82.7862
2268,Moorpark,34.2861,-118.8768
2269,Roseville,45.0155,-93.1545
2270,Egypt Lake-Leto,28.0177,-82.5062
2271,Farmers Branch,32.9272,-96.8804
2272,Marion,40.5973,-83.1227
2273,Lauderdale Lakes,26.1682,-80.2017
2274,Chillum,38.9666,-76.9791
2275,Orangevale,38.6881,-121.2209
2276,Sun Prairie,43.1825,-89.2362
2277,Cedar City,37.6834,-113.0956
2278,La Porte,29.6689,-95.0484
2279,Commack,40.8435,-73.2833
2280,Norristown,40.1225,-75.3398
2281,Calumet City,41.6134,-87.5505
2282,South Miami Heights,25.5886,-80.3862
2283,Addison,41.9313,-88.0085
2284,Inver Grove Heights,44.8247,-93.0596
2285,El Mirage,33.5905,-112.3271
2286,Richmond,39.8318,-84.8905
2287,Midvale,40.6148,-111.8927
2288,Kendall West,25.7065,-80.4388
2289,Lima,40.741,-84.112
2290,Gahanna,40.0251,-82.8637
2291,Olney,39.1465,-77.0715
2292,Torrington,41.8349,-73.1282
2293,Kaneohe,21.4062,-157.7904
2294,North Ridgeville,41.3852,-82.0195
2295,San Juan,26.1903,-98.152
2296,Midlothian,32.4669,-96.989
2297,Salisbury,35.6658,-80.4905
2298,Socorro,31.6383,-106.2601
2299,Fuquay-Varina,35.5953,-78.7778
2300,Oakville,38.4479,-90.3199
2301,West Hollywood,34.0883,-118.3719
2302,Westmont,33.9417,-118.3018
2303,Fruit Cove,30.0972,-81.6175
2304,Benton,34.5776,-92.5713
2305,Brunswick,41.2465,-81.8198
2306,Wildwood,38.58,-90.6698
2307,Douglasville,33.7384,-84.7054
2308,Springville,40.1638,-111.6205
2309,San Luis,32.4911,-114.7089
2310,Watertown Town,42.37,-71.1774
2311,Woodstock,34.1026,-84.5091
2312,Fair Oaks,38.8653,-77.3586
2313,Manhattan Beach,33.8894,-118.3967
2314,San Juan Capistrano,33.5008,-117.6544
2315,Plainfield,39.6954,-86.3716
2316,Owings Mills,39.4115,-76.7913
2317,Meridian,32.3846,-88.6896
2318,Cookeville,36.1482,-85.5109
2319,Northbrook,42.1292,-87.8352
2320,Fair Lawn,40.9359,-74.1177
2321,Monroe,35.0063,-80.5596
2322,Richmond,37.7307,-84.2925
2323,University City,38.6657,-90.3315
2324,Parkland,26.3219,-80.2533
2325,Oswego,41.6834,-88.3372
2326,Oildale,35.4293,-119.0306
2327,Graham,47.0322,-122.2827
2328,Mason,39.3571,-84.3023
2329,Montgomery Village,39.1788,-77.1954
2330,Long Beach,40.5887,-73.666
2331,Hinesville,31.8248,-81.6137
2332,Golden Glades,25.9129,-80.2013
2333,Del Rio,29.3708,-100.8801
2334,Goshen,41.5743,-85.8309
2335,University Place,47.2147,-122.5461
2336,Butte,45.902,-112.6571
2337,Huntington Station,40.8446,-73.405
2338,Pleasant Hill,37.9539,-122.0759
2339,Manitowoc,44.0991,-87.6812
2340,Fairborn,39.801,-84.0094
2341,San Dimas,34.1082,-117.809
2342,Stow,41.1765,-81.4344
2343,McMinnville,45.211,-123.1918
2344,College Park,38.996,-76.9337
2345,Kiryas Joel,41.3411,-74.1667
2346,Lakewood Ranch,27.4185,-82.3948
2347,Pueblo West,38.3465,-104.7246
2348,Merritt Island,28.3139,-80.6708
2349,Lewiston,46.3934,-116.9933
2350,Timberwood Park,29.6995,-98.4838
2351,Sahuarita,31.9323,-110.9654
2352,Dakota Ridge,39.6192,-105.1344
2353,Prairieville,30.3151,-90.9571
2354,Redmond,44.2612,-121.181
2355,Lufkin,31.3217,-94.7277
2356,Pikesville,39.3893,-76.702
2357,Eastpointe,42.4657,-82.9461
2358,Cooper City,26.0463,-80.2862
2359,Deer Park,29.6898,-95.1151
2360,Westlake,41.4524,-81.9294
2361,Woodridge,41.737,-88.0409
2362,Spanaway,47.0979,-122.4233
2363,Valparaiso,41.4783,-87.0506
2364,American Fork,40.3783,-111.7953
2365,Windsor,40.469,-104.9198
2366,Gadsden,34.0086,-86.0157
2367,Walla Walla,46.0671,-118.3368
2368,New City,41.1542,-73.9912
2369,Kearney,40.7011,-99.0833
2370,Leawood,38.9075,-94.6258
2371,Baldwin,40.6511,-73.6075
2372,Martinez,33.5209,-82.0985
2373,Crown Point,41.4143,-87.3457
2374,Fallbrook,33.3693,-117.2259
2375,Englewood,39.6468,-104.9942
2376,East Lake,28.1206,-82.6868
2377,Goldsboro,35.3778,-77.9717
2378,Ken Caryl,39.577,-105.1144
2379,Canton,34.2467,-84.4897
2380,West Little River,25.8571,-80.2367
2381,Alabaster,33.2198,-86.8225
2382,Bell,33.9801,-118.1798
2383,Kennesaw,34.026,-84.6177
2384,South Riding,38.912,-77.5132
2385,Menlo Park,37.4685,-122.1673
2386,Buenaventura Lakes,28.3349,-81.3539
2387,Bethel Park,40.3238,-80.0364
2388,Petersburg,37.2043,-77.3913
2389,Cottonwood Heights,40.6137,-111.8144
2390,Foster City,37.5553,-122.2659
2391,Uniondale,40.7176,-73.5947
2392,Statesboro,32.4375,-81.7751
2393,Gillette,44.2752,-105.4982
2394,Brooklyn Center,45.0681,-93.3162
2395,Los Gatos,37.2304,-121.9562
2396,Glendale Heights,41.9196,-88.0785
2397,Kingman,35.217,-114.0105
2398,Chester,39.8456,-75.3718
2399,Harker Heights,31.0572,-97.6446
2400,Dana Point,33.4733,-117.6967
2401,Spring Valley,41.1151,-74.0486
2402,Syracuse,41.0859,-112.0698
2403,St. Charles,41.9193,-88.3109
2404,Fair Oaks,38.6504,-121.2496
2405,Sherwood,34.8507,-92.2029
2406,Kaysville,41.029,-111.9456
2407,Des Moines,47.3914,-122.3156
2408,Goleta,34.4361,-119.8594
2409,Cibolo,29.5634,-98.2115
2410,Andover,45.2571,-93.3265
2411,Rochester,43.299,-70.9787
2412,Helena,46.5965,-112.0202
2413,Elk Grove Village,42.0064,-87.9921
2414,Spring Valley,32.7317,-116.9766
2415,Garfield,40.8791,-74.1085
2416,Ferry Pass,30.5205,-87.1899
2417,Savage,44.7545,-93.3632
2418,Beverly Hills,34.0786,-118.4021
2419,Desert Hot Springs,33.955,-116.5429
2420,Clearfield,41.103,-112.0238
2421,Wheat Ridge,39.7728,-105.1028
2422,North Olmsted,41.4149,-81.919
2423,Massillon,40.7838,-81.5254
2424,Weatherford,32.7536,-97.7723
2425,Pasadena,39.1552,-76.5537
2426,Nacogdoches,31.6134,-94.6528
2427,Juneau,58.4546,-134.1739
2428,O'Fallon,38.5974,-89.9148
2429,Pekin,40.5678,-89.6251
2430,Florence,38.9899,-84.6471
2431,Canyon Lake,29.8761,-98.2611
2432,Rome,43.226,-75.4909
2433,Aiken,33.5303,-81.7271
2434,Marrero,29.8871,-90.1126
2435,Pullman,46.7336,-117.168
2436,Franklin Square,40.7002,-73.6775
2437,Long Branch,40.2965,-73.9915
2438,San Pablo,37.9629,-122.3426
2439,Centereach,40.8681,-73.0821
2440,Maryville,35.7468,-83.9789
2441,Cleburne,32.3568,-97.4151
2442,Atwater,37.3529,-120.5959
2443,Carlsbad,32.401,-104.2388
2444,Duluth,34.0053,-84.1492
2445,Laramie,41.3099,-105.6085
2446,Bangor,44.8323,-68.7906
2447,Dania Beach,26.0593,-80.1637
2448,Garner,35.6936,-78.6181
2449,West Bend,43.4173,-88.1818
2450,Naugatuck,41.489,-73.0518
2451,Mundelein,42.2693,-88.0102
2452,Holladay,40.66,-111.8226
2453,Lawndale,33.8884,-118.3531
2454,Lake Magdalene,28.0875,-82.4791
2455,Oak Ridge,35.9639,-84.2938
2456,Milford Mill,39.3444,-76.7668
2457,Prosper,33.2394,-96.8087
2458,Oceanside,40.6328,-73.6364
2459,Cornelius,35.4724,-80.8813
2460,Shawnee,35.3531,-96.9647
2461,New Bern,35.0955,-77.0723
2462,Opelika,32.6612,-85.3769
2463,Ithaca,42.4442,-76.5032
2464,Nicholasville,37.8906,-84.5668
2465,Redan,33.7394,-84.1644
2466,Bel Air North,39.5543,-76.3732
2467,Port Chester,41.0051,-73.668
2468,La Verne,34.1207,-117.7703
2469,LaGrange,33.0274,-85.0384
2470,Laguna Hills,33.5918,-117.6991
2471,Middle River,39.3436,-76.4253
2472,Orcutt,34.8691,-120.4222
2473,Los Altos,37.3684,-122.0965
2474,West Falls Church,38.8648,-77.1878
2475,North Royalton,41.3138,-81.745
2476,Sterling,39.0052,-77.405
2477,Hopkinsville,36.8381,-87.4775
2478,Springfield,38.781,-77.1839
2479,Alamogordo,32.8837,-105.9625
2480,Burlingame,37.5859,-122.3667
2481,Bethany,45.5614,-122.837
2482,Lakeside,30.1356,-81.7674
2483,Ballwin,38.595,-90.55
2484,SeaTac,47.4444,-122.2986
2485,West Odessa,31.8389,-102.5003
2486,North Chicago,42.3172,-87.8595
2487,Westfield,40.6516,-74.3432
2488,Zionsville,39.9897,-86.3182
2489,Santa Paula,34.3545,-119.0656
2490,Southlake,32.9545,-97.1503
2491,Saratoga,37.2684,-122.0263
2492,Northport,33.2586,-87.5993
2493,Newark,39.6776,-75.7576
2494,Niles,42.0278,-87.8099
2495,Eagle,43.7223,-116.3866
2496,Gurnee,42.3708,-87.9392
2497,Miami Lakes,25.9125,-80.3214
2498,Bay Shore,40.7288,-73.2495
2499,Parkville,39.3832,-76.5519
2500,San Carlos,37.4982,-122.2677
2501,North Tonawanda,43.0457,-78.8659
2502,Lawrenceville,33.9523,-83.9932
2503,Princeton,40.3562,-74.6693
2504,New Smyrna Beach,29.0249,-80.9652
2505,Erie,40.0404,-105.0399
2506,Austintown,41.0932,-80.7405
2507,Sanford,35.4875,-79.177
2508,Eldersburg,39.4041,-76.9528
2509,Seguin,29.5891,-97.9676
2510,Liberty,39.2394,-94.4191
2511,Bella Vista,36.4667,-94.2707
2512,Drexel Heights,32.1453,-111.048
2513,Highland Park,42.1823,-87.8104
2514,Middletown,41.4459,-74.4236
2515,Bowling Green,41.3776,-83.6495
2516,Granger,41.7374,-86.1348
2517,Monterey,36.5919,-121.8808
2518,Winter Park,28.5989,-81.3442
2519,East Niles,35.3683,-118.9225
2520,Chamblee,33.8842,-84.3007
2521,Vero Beach South,27.6132,-80.4163
2522,Southgate,42.2047,-83.2057
2523,Banning,33.946,-116.8992
2524,Galesburg,40.9506,-90.3763
2525,Algonquin,42.1629,-88.3159
2526,Gloucester,42.626,-70.6897
2527,Fitchburg,42.9859,-89.4255
2528,Fleming Island,30.0988,-81.7124
2529,Raytown,38.9944,-94.4641
2530,San Lorenzo,37.6733,-122.1332
2531,Atascadero,35.4827,-120.6858
2532,Morrisville,35.8368,-78.8348
2533,Fridley,45.0841,-93.2595
2534,Summerlin South,36.1242,-115.3324
2535,Paragould,36.0555,-90.5149
2536,Hazleton,40.9505,-75.9725
2537,Rahway,40.6077,-74.2807
2538,Lathrop,37.809,-121.3131
2539,Matthews,35.1195,-80.7101
2540,Laurel,39.0949,-76.8622
2541,Schererville,41.4861,-87.4442
2542,Hobart,41.514,-87.2729
2543,Burton,42.9974,-83.6175
2544,Eastern Goleta Valley,34.4448,-119.7879
2545,East Palo Alto,37.4671,-122.1352
2546,Central,30.5593,-91.0369
2547,Hutto,30.5396,-97.544
2548,Fountain,38.6886,-104.6829
2549,Garfield Heights,41.4199,-81.6038
2550,Greenville,33.385,-91.0514
2551,Oak Park,42.4649,-83.1824
2552,Melrose,42.4556,-71.059
2553,Texarkana,33.436,-93.9959
2554,Golden Gate,26.1844,-81.7031
2555,Brownsburg,39.8337,-86.383
2556,Bluffton,32.2135,-80.9316
2557,Crofton,39.0144,-76.68
2558,Carney,39.405,-76.5235
2559,Suisun City,38.2473,-122.0091
2560,Anderson,34.5211,-82.6478
2561,Jacksonville,34.8807,-92.1304
2562,Kirkwood,38.5788,-90.4203
2563,Sun City Center,27.715,-82.3569
2564,Magna,40.7634,-112.1599
2565,Oakleaf Plantation,30.1689,-81.8337
2566,Perry Hall,39.4068,-76.478
2567,East Lake-Orient Park,27.997,-82.3653
2568,Drexel Hill,39.9495,-75.3038
2569,Orchards,45.689,-122.5306
2570,Washington,37.1303,-113.4878
2571,Shaker Heights,41.4744,-81.5496
2572,McDonough,33.4397,-84.1505
2573,Burbank,41.7444,-87.7686
2574,Englewood,40.8917,-73.9736
2575,Danville,40.1426,-87.6111
2576,Casselberry,28.6624,-81.3217
2577,Mehlville,38.5018,-90.3149
2578,Lake in the Hills,42.1913,-88.3477
2579,Laplace,30.0731,-90.4758
2580,Russellville,35.2762,-93.1383
2581,Greenville,33.1116,-96.1099
2582,Haines City,28.1102,-81.6157
2583,Easton,40.6858,-75.2209
2584,Ruskin,27.7065,-82.4209
2585,Stockbridge,33.5254,-84.2295
2586,Jeffersontown,38.2049,-85.5701
2587,Bixby,35.9454,-95.8776
2588,Independence,38.951,-84.5492
2589,Harrison,41.0236,-73.7193
2590,Lansing,41.5648,-87.5462
2591,Jamestown,42.0976,-79.2367
2592,Statesville,35.7842,-80.8713
2593,Madison Heights,42.5073,-83.1034
2594,Monroeville,40.4262,-79.7605
2595,Enterprise,31.3275,-85.8463
2596,Frankfort,38.1924,-84.8643
2597,South Laurel,39.0603,-76.8456
2598,Forest Hills,42.9577,-85.4895
2599,Short Pump,37.6549,-77.6201
2600,Allen Park,42.2595,-83.2107
2601,Aberdeen,45.4649,-98.4686
2602,New Iberia,30.0049,-91.8202
2603,Clarksburg,39.2246,-77.2659
2604,Glen Ellyn,41.8666,-88.0629
2605,Monsey,41.1181,-74.0682
2606,Northampton,42.3266,-72.6745
2607,Temescal Valley,33.7581,-117.4677
2608,Bergenfield,40.9236,-73.9982
2609,Walnut,34.0334,-117.8593
2610,Henderson,37.8397,-87.5798
2611,Eagle Pass,28.7125,-100.484
2612,Glen Cove,40.8709,-73.6287
2613,Ridgecrest,35.6308,-117.6622
2614,Maryland Heights,38.7189,-90.4749
2615,Converse,29.5091,-98.3084
2616,Oakdale,44.9876,-92.9641
2617,Twentynine Palms,34.1478,-116.0659
2618,Lake Jackson,29.0516,-95.4521
2619,Garden City,37.9753,-100.8527
2620,Maple Valley,47.3659,-122.0368
2621,Daphne,30.6263,-87.8816
2622,Hamtramck,42.3954,-83.0559
2623,Sachse,32.9726,-96.5793
2624,Belmont,37.5154,-122.2953
2625,Rockledge,28.3203,-80.736
2626,Tualatin,45.3772,-122.7748
2627,Wilmette,42.0771,-87.7282
2628,Williston,48.1814,-103.6364
2629,Ramsey,45.2617,-93.4494
2630,Chaska,44.8164,-93.6091
2631,Williamsport,41.2399,-77.037
2632,Immokalee,26.4253,-81.4251
2633,Dodge City,37.7611,-100.0182
2634,Clinton,32.354,-90.3403
2635,Huntley,42.1599,-88.433
2636,Mount Pleasant,42.7129,-87.8876
2637,Tysons,38.9215,-77.2273
2638,Reisterstown,39.455,-76.814
2639,Prior Lake,44.7246,-93.4419
2640,New London,41.3502,-72.1022
2641,Madison,32.4738,-90.13
2642,Homewood,33.4619,-86.809
2643,Fortuna Foothills,32.6616,-114.3974
2644,Marion,40.5497,-85.6604
2645,Millville,39.3903,-75.0561
2646,Marshalltown,42.0343,-92.9068
2647,McHenry,42.3387,-88.2932
2648,Lemon Grove,32.7331,-117.0344
2649,Crestview,30.7477,-86.5785
2650,Mililani Town,21.4465,-158.0147
2651,Chicago Heights,41.51,-87.6345
2652,Kent,41.149,-81.361
2653,Green,40.9483,-81.4757
2654,Alvin,29.3872,-95.2938
2655,Balch Springs,32.7194,-96.6151
2656,Neenah,44.1669,-88.4767
2657,Deer Park,40.7623,-73.3218
2658,Ilchester,39.2187,-76.7683
2659,Mason City,43.1487,-93.1997
2660,Citrus Park,28.073,-82.5628
2661,Pearl,32.273,-90.0918
2662,New Lenox,41.5095,-87.9703
2663,Kahului,20.8715,-156.4603
2664,Fremont,41.4395,-96.4873
2665,Holbrook,40.7944,-73.07
2666,Garden City,42.3244,-83.3412
2667,Oak Forest,41.6054,-87.7527
2668,Ewa Gentry,21.3344,-158.0262
2669,West Islip,40.7041,-73.2954
2670,Kernersville,36.1065,-80.0842
2671,West Linn,45.367,-122.6399
2672,Lindenhurst,40.6858,-73.371
2673,Thomasville,35.8813,-80.0807
2674,Asheboro,35.7158,-79.8127
2675,Lochearn,39.3461,-76.7307
2676,Benicia,38.0725,-122.1526
2677,Leisure City,25.4935,-80.4363
2678,Plum,40.5024,-79.7495
2679,Granite City,38.7296,-90.1268
2680,Wooster,40.8172,-81.9336
2681,Gladstone,39.2134,-94.5592
2682,Lemoore,36.2949,-119.7983
2683,Wheeling,40.0752,-80.6951
2684,Paducah,37.0711,-88.644
2685,Union City,33.5942,-84.5629
2686,Shoreview,45.0842,-93.1358
2687,Clayton,35.659,-78.4498
2688,Temple Terrace,28.0436,-82.3773
2689,Ives Estates,25.9632,-80.183
2690,West Melbourne,28.0694,-80.6736
2691,Vernon Hills,42.234,-87.9608
2692,Palm Springs,26.6348,-80.0969
2693,Auburn,42.9338,-76.5685
2694,South Portland,43.631,-70.2895
2695,Horn Lake,34.9512,-90.0501
2696,Sun City West,33.6695,-112.3573
2697,Edwardsville,38.7922,-89.9874
2698,Carrollton,33.5818,-85.0838
2699,Plainview,40.7832,-73.4732
2700,South Pasadena,34.1103,-118.1573
2701,Paramus,40.9455,-74.0712
2702,Superior,46.6941,-92.0823
2703,Sanger,36.699,-119.5575
2704,Cabot,34.9766,-92.0274
2705,Mint Hill,35.1783,-80.6528
2706,Eureka,40.7943,-124.1564
2707,Brawley,32.9783,-115.5287
2708,Shirley,40.7936,-72.8748
2709,Troy,40.0437,-84.2186
2710,Elmira,42.0938,-76.8097
2711,Apollo Beach,27.7618,-82.4003
2712,Owatonna,44.0912,-93.2312
2713,Camas,45.6005,-122.4304
2714,East Chicago,41.6469,-87.4545
2715,Batavia,41.8479,-88.3109
2716,Windsor,38.5422,-122.8089
2717,Wasco,35.5938,-119.3671
2718,South Salt Lake,40.7057,-111.8986
2719,Wright,30.4445,-86.6419
2720,Pooler,32.1043,-81.2569
2721,Woodburn,45.1472,-122.8603
2722,Athens,34.7843,-86.9503
2723,Forest Grove,45.5243,-123.1097
2724,Imperial Beach,32.5693,-117.118
2725,Austin,43.6721,-92.9784
2726,Lockport,41.5906,-88.0293
2727,Terrytown,29.9014,-90.0279
2728,Medina,41.1358,-81.8695
2729,Woodstock,42.3096,-88.4353
2730,Winona,44.0505,-91.6684
2731,Northdale,28.1058,-82.5263
2732,Key West,24.5642,-81.7775
2733,Franklin,39.4948,-86.0544
2734,Keystone,28.1312,-82.5999
2735,Ridgewood,40.9821,-74.1127
2736,Hercules,38.0064,-122.2564
2737,Fort Mill,35.0061,-80.9389
2738,Cave Spring,37.2254,-80.0072
2739,Rosemount,44.7466,-93.0661
2740,Wilsonville,45.3109,-122.7702
2741,Fairland,39.0803,-76.9527
2742,Lodi,40.8784,-74.0814
2743,Palm City,27.1735,-80.2862
2744,Big Spring,32.2389,-101.4799
2745,Columbine,39.5879,-105.0694
2746,Elk River,45.3314,-93.567
2747,Grandview,38.8802,-94.5227
2748,Bessemer,33.3712,-86.9728
2749,Norfolk,42.0324,-97.4217
2750,Colleyville,32.8913,-97.1486
2751,Jenks,35.9981,-95.9736
2752,El Cerrito,37.9196,-122.3025
2753,Chanhassen,44.8546,-93.5621
2754,Suitland,38.8492,-76.9225
2755,Inkster,42.2935,-83.3148
2756,Fort Washington,38.7339,-77.0069
2757,Marysville,40.2279,-83.3595
2758,Rockville Centre,40.6643,-73.6383
2759,Florence,33.059,-111.4209
2760,Palm River-Clair Mel,27.9239,-82.3791
2761,Oxford,34.3627,-89.5336
2762,Venice,27.1184,-82.4137
2763,Pace,30.6188,-87.1667
2764,West Chicago,41.896,-88.2253
2765,Trussville,33.6405,-86.5815
2766,Tumwater,46.9891,-122.9175
2767,Moscow,46.7308,-116.9986
2768,Staunton,38.1593,-79.0611
2769,Derby,37.5571,-97.2551
2770,Stevens Point,44.5241,-89.5507
2771,Okemos,42.7057,-84.4135
2772,Cliffside Park,40.8222,-73.9879
2773,Xenia,39.6829,-83.9413
2774,Fort Hood,31.1357,-97.7834
2775,Kalispell,48.2153,-114.3274
2776,South Bradenton,27.4612,-82.5822
2777,Mercer Island,47.5661,-122.232
2778,Silver Springs Shores,29.1126,-82.0149
2779,West Whittier-Los Nietos,33.9759,-118.0689
2780,Peekskill,41.2884,-73.9227
2781,Belvidere,42.2543,-88.8649
2782,Newberg,45.3075,-122.9601
2783,Holt,42.6416,-84.5308
2784,De Pere,44.4308,-88.0785
2785,Salem,37.2864,-80.0555
2786,Ottumwa,41.0195,-92.4186
2787,Tarpon Springs,28.1493,-82.7623
2788,Galt,38.2698,-121.3004
2789,Hazelwood,38.7931,-90.3899
2790,Norco,33.9252,-117.5498
2791,Lafayette,37.8919,-122.1189
2792,Mill Creek East,47.8361,-122.1877
2793,Caledonia,42.7986,-87.8762
2794,Forney,32.744,-96.4529
2795,Sebastian,27.7822,-80.4819
2796,Kingsville,27.5094,-97.861
2797,Elkridge,39.1941,-76.7428
2798,Reedley,36.5988,-119.4471
2799,Barstow,34.8661,-117.0471
2800,Avon Lake,41.4944,-82.0159
2801,Allendale,42.9845,-85.9499
2802,University Park,32.8506,-96.7937
2803,Fish Hawk,27.8511,-82.2164
2804,Melrose Park,41.903,-87.8636
2805,Walker,42.9853,-85.7446
2806,Barberton,41.0095,-81.6037
2807,Carteret,40.5849,-74.2284
2808,Moses Lake,47.1279,-119.2759
2809,Brandon,32.2778,-89.9896
2810,North Tustin,33.7636,-117.7947
2811,Conway,33.8401,-79.0431
2812,Edgewood,39.419,-76.2964
2813,Dickinson,46.8918,-102.7925
2814,Corsicana,32.0824,-96.4665
2815,Mequon,43.2352,-87.9839
2816,Hastings,40.5961,-98.39
2817,Newport,41.4801,-71.3203
2818,Muskego,42.886,-88.1291
2819,Romulus,42.2237,-83.366
2820,Seal Beach,33.7542,-118.0714
2821,Waukee,41.5985,-93.8869
2822,Maywood,33.9886,-118.1877
2823,Norton Shores,43.1621,-86.2519
2824,Sandusky,41.4468,-82.7024
2825,Sugar Hill,34.108,-84.0558
2826,Morton Grove,42.0423,-87.789
2827,Westchase,28.0597,-82.611
2828,Loma Linda,34.045,-117.2498
2829,Denison,33.7672,-96.5808
2830,Watertown,43.9734,-75.9094
2831,Wyandotte,42.2113,-83.1558
2832,Perrysburg,41.5377,-83.6413
2833,Fort Dodge,42.5098,-94.1751
2834,Kuna,43.488,-116.3933
2835,Arnold,39.0437,-76.4974
2836,Carolina Forest,33.7651,-78.913
2837,Avon,41.4485,-82.0187
2838,Riverbank,37.726,-120.9433
2839,Bailey's Crossroads,38.8477,-77.1305
2840,Ardmore,34.1949,-97.1256
2841,Soledad,36.4432,-121.3426
2842,Zanesville,39.9565,-82.0132
2843,San Benito,26.1298,-97.644
2844,Frederickson,47.0916,-122.3603
2845,Medford,40.822,-72.9859
2846,Cloverleaf,29.7882,-95.1724
2847,Lutz,28.1396,-82.4467
2848,Dinuba,36.5453,-119.3987
2849,North Potomac,39.0955,-77.2373
2850,Bainbridge Island,47.6439,-122.5434
2851,Dix Hills,40.8033,-73.3375
2852,Greenbelt,38.9953,-76.8885
2853,Bayonet Point,28.3254,-82.6834
2854,Ridgeland,32.4236,-90.1481
2855,Coral Terrace,25.7464,-80.3049
2856,Auburn Hills,42.6735,-83.2448
2857,Selma,36.5715,-119.6143
2858,Paris,33.6688,-95.546
2859,Zion,42.4603,-87.8511
2860,Clinton,41.8435,-90.2412
2861,Centerville,39.6339,-84.1449
2862,Homer Glen,41.6043,-87.9497
2863,Riverside,39.7835,-84.1219
2864,Oak Ridge,28.4727,-81.4169
2865,Leland,34.2042,-78.0279
2866,Socastee,33.6871,-79.0086
2867,Farmington,40.9845,-111.9065
2868,Oak Harbor,48.2964,-122.6333
2869,Herndon,38.9699,-77.3867
2870,Ponca City,36.7235,-97.0677
2871,Landover,38.9241,-76.8875
2872,North Augusta,33.5214,-81.9547
2873,King of Prussia,40.0963,-75.3821
2874,Decatur,33.7711,-84.2963
2875,Faribault,44.2996,-93.2789
2876,North Laurel,39.1285,-76.8476
2877,Bay Point,38.0329,-121.9615
2878,Happy Valley,45.4358,-122.5081
2879,Benbrook,32.6788,-97.4637
2880,Port St. John,28.4757,-80.8104
2881,West Memphis,35.153,-90.1996
2882,Kerrville,30.0398,-99.132
2883,Ballenger Creek,39.3807,-77.4206
2884,Ladera Ranch,33.5492,-117.6417
2885,White Bear Lake,45.0656,-93.015
2886,Collinsville,38.677,-90.0063
2887,Elmwood Park,41.9225,-87.8163
2888,Starkville,33.4608,-88.8297
2889,South Plainfield,40.5748,-74.4152
2890,Westmont,41.7948,-87.9742
2891,Wekiwa Springs,28.6984,-81.4251
2892,Palmetto Bay,25.6219,-80.3221
2893,Somerset,40.5083,-74.501
2894,Fairfax,38.8531,-77.2997
2895,Belton,38.8192,-94.5335
2896,North Lynnwood,47.8533,-122.2762
2897,Pelham,33.3114,-86.7573
2898,Yukon,35.5201,-97.7639
2899,Simpsonville,34.7287,-82.2569
2900,Emporia,38.4028,-96.1932
2901,Saginaw,32.8657,-97.3654
2902,Bloomingdale,27.8784,-82.2624
2903,Wadsworth,41.0279,-81.7323
2904,Rolling Meadows,42.0747,-88.0252
2905,Solon,41.3865,-81.44
2906,Mandan,46.829,-100.887
2907,Auburn,44.0851,-70.2492
2908,Columbus,41.4366,-97.3565
2909,Bellview,30.462,-87.312
2910,Jasmine Estates,28.293,-82.6907
2911,Kingston,41.9295,-73.9968
2912,Papillion,41.1511,-96.0665
2913,Burlington,40.8071,-91.1247
2914,San Fernando,34.2886,-118.4362
2915,Columbus,33.5088,-88.4096
2916,Freeport,42.2891,-89.6346
2917,Johnston,41.691,-93.7234
2918,Rosemont,38.5478,-121.3553
2919,South Elgin,41.9906,-88.3135
2920,Webster Groves,38.5866,-90.3544
2921,Willoughby,41.6459,-81.4084
2922,Farragut,35.8731,-84.1821
2923,Highland,41.5483,-87.4588
2924,Fountain Hills,33.6073,-111.7398
2925,Munster,41.5468,-87.504
2926,Waverly,42.7401,-84.6354
2927,Patterson,37.4758,-121.1536
2928,Shelbyville,35.4987,-86.4517
2929,Muscatine,41.4195,-91.068
2930,Greenfield,39.7937,-85.7738
2931,Champlin,45.1702,-93.3903
2932,Lexington,33.989,-81.2202
2933,Roseburg,43.2231,-123.352
2934,Kenmore,47.7516,-122.2489
2935,Fresno,29.5357,-95.4696
2936,Mountain House,37.7673,-121.5449
2937,Jacksonville Beach,30.2782,-81.4045
2938,Middletown,39.445,-75.7183
2939,Brookings,44.3022,-96.7859
2940,Nixa,37.0453,-93.2959
2941,Watauga,32.8719,-97.2515
2942,Marshall,32.537,-94.3515
2943,Lisle,41.7918,-88.0888
2944,Gardner,38.8122,-94.9275
2945,Farmington,44.6572,-93.1687
2946,Griffin,33.2418,-84.2748
2947,Maple Heights,41.4094,-81.5625
2948,Copiague,40.6707,-73.3922
2949,Vega Baja,18.4406,-66.3997
2950,Van Buren,35.4483,-94.3528
2951,Clinton,41.1395,-112.0656
2952,Maywood,41.8798,-87.8442
2953,West Springfield,38.7771,-77.2268
2954,Rock Springs,41.5947,-109.2209
2955,Pottstown,40.2508,-75.6445
2956,North Platte,41.1263,-100.7641
2957,Camp Springs,38.8052,-76.9199
2958,Linda,39.1241,-121.5421
2959,Martha Lake,47.8479,-122.2327
2960,Cockeysville,39.4804,-76.6294
2961,Cottage Lake,47.7466,-122.0755
2962,Raymore,38.8029,-94.4583
2963,Pickerington,39.889,-82.7678
2964,Union Hill-Novelty Hill,47.6788,-122.0284
2965,Eastmont,47.8968,-122.1818
2966,Ashland,37.6942,-122.1159
2967,New Brighton,45.0658,-93.206
2968,Edgewater,28.9594,-80.9406
2969,Belton,31.0525,-97.479
2970,Easley,34.8188,-82.5827
2971,Trotwood,39.7926,-84.3165
2972,Oakdale,37.7618,-120.8468
2973,Liberty Triangle,29.076,-82.2191
2974,Chantilly,38.8868,-77.4453
2975,Calabasas,34.1375,-118.6689
2976,Cartersville,34.1644,-84.8009
2977,Eustis,28.8563,-81.6771
2978,Bear,39.6189,-75.6808
2979,Chester,37.3531,-77.4342
2980,Cataño,18.4375,-66.144
2981,Bloomington,34.0601,-117.4013
2982,Hopewell,37.2915,-77.2985
2983,Fernley,39.5627,-119.1906
2984,Glassboro,39.7014,-75.1113
2985,Hudson,41.2399,-81.4408
2986,Taylors,34.9157,-82.3124
2987,Radcliff,37.8204,-85.9365
2988,Watertown,43.1893,-88.7285
2989,Brent,30.4727,-87.2495
2990,Woodlawn,38.7332,-77.1149
2991,Searcy,35.2418,-91.7351
2992,Crystal,45.0377,-93.3599
2993,Nocatee,30.0927,-81.4095
2994,Christiansburg,37.1406,-80.4036
2995,Laguna Beach,33.5455,-117.7613
2996,Loves Park,42.3364,-88.9975
2997,Blue Island,41.6578,-87.6811
2998,Prairie Village,38.9874,-94.6362
2999,Keene,42.9494,-72.2998
3000,Garden City,40.7266,-73.6447
3001,Roselle,41.9809,-88.0861
3002,Machesney Park,42.3666,-89.0266
3003,Katy,29.7905,-95.8353
3004,Millbrae,37.5994,-122.4023
3005,Hialeah Gardens,25.8878,-80.3569
3006,Corcoran,36.0841,-119.5613
3007,Brambleton,38.9803,-77.5323
3008,Pecan Grove,29.6235,-95.733
3009,Sun Valley,39.6104,-119.777
3010,Duncan,34.5408,-97.9215
3011,Villa Park,41.8865,-87.9779
3012,Junction City,39.0277,-96.8508
3013,Watertown,44.9094,-97.1532
3014,Hazel Dell,45.6797,-122.6553
3015,Anthem,33.856,-112.1168
3016,The Crossings,25.6708,-80.4018
3017,Candler-McAfee,33.7267,-84.2723
3018,Kapolei,21.3399,-158.0677
3019,Allison Park,40.573,-79.9603
3020,Athens,39.327,-82.0987
3021,North Plainfield,40.6209,-74.4386
3022,Cudahy,33.9631,-118.183
3023,East San Gabriel,34.1157,-118.0791
3024,Fairhope,30.5209,-87.8813
3025,Bonney Lake,47.1791,-122.17
3026,Summit,40.7154,-74.3647
3027,East Peoria,40.6736,-89.5419
3028,Florida Ridge,27.5805,-80.3848
3029,Horizon City,31.6799,-106.1903
3030,Greenwood,34.1947,-82.1542
3031,Cherry Hill,38.5696,-77.2895
3032,Corinth,33.1434,-97.0682
3033,Roselle,40.6527,-74.2599
3034,Coralville,41.699,-91.5967
3035,Willowbrook,33.9209,-118.2356
3036,Biddeford,43.4673,-70.4511
3037,Bloomingdale,41.9497,-88.0895
3038,Albertville,34.2633,-86.2108
3039,Rancho San Diego,32.7624,-116.9197
3040,La Porte,41.6069,-86.7142
3041,Central Falls,41.8901,-71.3934
3042,Waynesboro,38.0674,-78.9014
3043,Acworth,34.0566,-84.6716
3044,DeBary,28.8815,-81.324
3045,Brushy Creek,30.5128,-97.7386
3046,Ruston,32.5328,-92.6363
3047,Mountain Brook,33.4871,-86.74
3048,Marina,36.681,-121.7892
3049,Kihei,20.7653,-156.4454
3050,West Carson,33.8229,-118.2931
3051,Silver Firs,47.8635,-122.1497
3052,Sunny Isles Beach,25.9385,-80.1246
3053,Chalmette,29.9438,-89.966
3054,McNair,38.9513,-77.4115
3055,Granite Bay,38.7601,-121.1714
3056,Ensley,30.5259,-87.2733
3057,Golden Valley,44.9901,-93.3591
3058,West Rancho Dominguez,33.9057,-118.2683
3059,World Golf Village,29.9654,-81.4896
3060,Ramona,33.0474,-116.8766
3061,Evans,40.366,-104.739
3062,Clarksville,38.322,-85.7673
3063,Montclair,38.6111,-77.34
3064,West Puente Valley,34.0513,-117.9681
3065,Hastings,44.7318,-92.8538
3066,Oxford,39.5061,-84.7446
3067,Lorton,38.6983,-77.2164
3068,East Ridge,34.9973,-85.2285
3069,Carbondale,37.7221,-89.2237
3070,Sapulpa,36.0091,-96.1003
3071,Oxford,33.5967,-85.8687
3072,Chillicothe,39.3393,-82.9939
3073,Sanford,43.4244,-70.7573
3074,Darien,41.7448,-87.9822
3075,Valinda,34.04,-117.93
3076,Chambersburg,39.9315,-77.6556
3077,St. Andrews,34.051,-81.1057
3078,Pascagoula,30.3666,-88.5506
3079,North Salt Lake,40.8439,-111.9187
3080,Hillsborough,40.5069,-74.6523
3081,Middleton,43.1064,-89.5059
3082,New Castle,40.9956,-80.3458
3083,Port Hueneme,34.1618,-119.2036
3084,Massapequa,40.6676,-73.4706
3085,Mount Pleasant,43.5966,-84.7759
3086,Columbia Heights,45.0484,-93.2472
3087,Hayesville,44.9793,-122.9738
3088,Klamath Falls,42.2195,-121.7754
3089,Parsippany,40.8645,-74.4135
3090,Avon,39.7601,-86.3916
3091,Langley Park,38.9897,-76.9808
3092,Silverdale,47.6663,-122.6828
3093,Sedalia,38.7059,-93.234
3094,Lakeside,32.856,-116.904
3095,Selden,40.8714,-73.0466
3096,South Euclid,41.524,-81.5245
3097,Birmingham,42.5446,-83.2166
3098,Shelby,35.2904,-81.5451
3099,Yucca Valley,34.1234,-116.4216
3100,Duarte,34.161,-117.9504
3101,Del City,35.4483,-97.4408
3102,Gallup,35.5182,-108.7431
3103,American Canyon,38.1796,-122.2583
3104,New Hope,45.0375,-93.3869
3105,Alliance,40.9107,-81.1189
3106,Tukwila,47.475,-122.2728
3107,Fulshear,29.693,-95.8804
3108,Rocky River,41.4702,-81.8525
3109,Mililani Mauka,21.4756,-157.9948
3110,Ashland,38.4592,-82.6448
3111,Payson,40.0355,-111.739
3112,Lino Lakes,45.1679,-93.083
3113,Celina,33.3154,-96.7941
3114,Holiday,28.1864,-82.7429
3115,Harvey,29.8876,-90.0666
3116,Dickinson,29.4548,-95.0589
3117,Secaucus,40.781,-74.0659
3118,Ozark,37.0365,-93.2158
3119,East Patchogue,40.7704,-72.9817
3120,Rio Rico,31.4957,-110.9885
3121,Four Square Mile,39.6808,-104.888
3122,Ashland,42.1905,-122.6992
3123,Geneva,41.8833,-88.3242
3124,Pleasant Prairie,42.5266,-87.8895
3125,Seymour,38.9476,-85.8911
3126,Mukilteo,47.9096,-122.3035
3127,Mountlake Terrace,47.7921,-122.3077
3128,South Lake Tahoe,38.9393,-119.9828
3129,Lindenwold,39.8173,-74.9898
3130,Vicksburg,32.3173,-90.8868
3131,Winter Gardens,32.8376,-116.9268
3132,South Holland,41.5977,-87.6022
3133,Sulphur,30.2286,-93.3566
3134,Dolton,41.6284,-87.5979
3135,Clemmons,36.0319,-80.3861
3136,Perry,32.472,-83.7283
3137,Yorkville,41.6563,-88.4507
3138,Baldwin,40.369,-79.9669
3139,Elmwood Park,40.9049,-74.1201
3140,West Pensacola,30.4263,-87.2679
3141,Carrboro,35.9259,-79.0878
3142,Suwanee,34.0508,-84.0686
3143,Lealman,27.8197,-82.6847
3144,Rose Hill,38.7872,-77.1085
3145,Milwaukie,45.4445,-122.6219
3146,Bayou Cane,29.6243,-90.751
3147,Foley,30.3983,-87.665
3148,Hays,38.8821,-99.3221
3149,Tullahoma,35.3721,-86.2172
3150,Gardner,42.5845,-71.9868
3151,North Bellmore,40.6904,-73.539
3152,North Ogden,41.3123,-111.9584
3153,Makakilo,21.3591,-158.0813
3154,Park Forest,41.4817,-87.6867
3155,Helena,33.2837,-86.8791
3156,Wade Hampton,34.8821,-82.3336
3157,Stephenville,32.2147,-98.2205
3158,Willmar,45.1216,-95.0569
3159,Merrick,40.6515,-73.5535
3160,Lebanon,39.4254,-84.2133
3161,Mineola,40.747,-73.6394
3162,East Moline,41.5199,-90.3879
3163,Green Valley,31.8393,-111.0009
3164,Louisville,39.971,-105.1441
3165,Fort Walton Beach,30.4255,-86.6222
3166,Five Corners,45.6883,-122.5738
3167,Snellville,33.8562,-84.0038
3168,Battle Ground,45.7766,-122.5413
3169,Germantown,43.2343,-88.1217
3170,Murphy,33.0186,-96.6105
3171,Hyattsville,38.9613,-76.9548
3172,Carlisle,40.2,-77.2034
3173,Arnold,38.4297,-90.3733
3174,West St. Paul,44.9018,-93.0858
3175,Murrysville,40.4456,-79.6554
3176,Covington,47.3667,-122.1045
3177,Lockport,43.1698,-78.6956
3178,Grayslake,42.3405,-88.0338
3179,Mill Creek,47.8631,-122.2037
3180,Bryant,34.6152,-92.4914
3181,Hanahan,32.9302,-80.0027
3182,St. John,41.4429,-87.4697
3183,Ennis,32.3254,-96.6347
3184,Parma Heights,41.3865,-81.7637
3185,Lennox,33.938,-118.3586
3186,South Milwaukee,42.912,-87.8627
3187,Marquette,46.544,-87.4082
3188,Waxhaw,34.9363,-80.7439
3189,Lomita,33.7933,-118.3175
3190,Mesquite,36.8032,-114.133
3191,Rosamond,34.8658,-118.2155
3192,Montgomery,41.7237,-88.3633
3193,Bethany,35.5071,-97.6418
3194,Pittsburg,37.4129,-94.6985
3195,Hurricane,37.1487,-113.3517
3196,Adrian,41.8994,-84.0447
3197,South St. Paul,44.8877,-93.0411
3198,Nanuet,41.0957,-74.0155
3199,Mead Valley,33.8333,-117.2852
3200,Pleasantville,39.39,-74.5169
3201,Libertyville,42.287,-87.967
3202,Forest Lake,45.2536,-92.9582
3203,Bothell West,47.8056,-122.2401
3204,Mustang,35.3917,-97.7246
3205,Northfield,44.455,-93.1698
3206,Elko,40.8381,-115.7678
3207,Stevenson Ranch,34.3894,-118.5883
3208,Golden,39.7406,-105.2118
3209,Otsego,45.266,-93.6201
3210,Saco,43.539,-70.4624
3211,Piqua,40.1506,-84.2441
3212,Imperial,32.839,-115.572
3213,Hauppauge,40.8211,-73.2109
3214,Monroe,41.9155,-83.3849
3215,Montrose,38.4689,-107.859
3216,West Hempstead,40.6959,-73.6507
3217,North Liberty,41.7438,-91.6112
3218,Old Jamestown,38.8394,-90.2847
3219,Painesville,41.724,-81.2536
3220,La Cañada Flintridge,34.2097,-118.2002
3221,Sidney,40.2891,-84.1667
3222,Altamont,42.198,-121.7248
3223,Westbrook,43.6954,-70.3539
3224,North Amityville,40.7005,-73.4119
3225,Salmon Creek,45.7099,-122.6632
3226,Lynbrook,40.6579,-73.6742
3227,East Northport,40.8791,-73.3233
3228,Sherwood,45.3594,-122.8427
3229,Marion Oaks,29.0011,-82.1953
3230,Oroville,39.4999,-121.5634
3231,Arlington,48.1701,-122.1442
3232,East Hemet,33.7301,-116.941
3233,Frankfort,41.4892,-87.8363
3234,South Burlington,44.4622,-73.2202
3235,Palisades Park,40.8472,-73.9966
3236,Ypsilanti,42.244,-83.6208
3237,Shafter,35.4794,-119.2013
3238,Midway,30.4169,-87.0229
3239,Arbutus,39.2428,-76.6922
3240,Portland,27.8942,-97.3278
3241,Mayfield Heights,41.5174,-81.4534
3242,Morristown,40.7967,-74.4772
3243,Plainview,34.1911,-101.7235
3244,Culpeper,38.4704,-78.0001
3245,Westminster,39.5796,-77.0067
3246,Buckhall,38.7239,-77.4476
3247,La Crescenta-Montrose,34.2322,-118.2353
3248,Agoura Hills,34.151,-118.7609
3249,Rosedale,39.3266,-76.5084
3250,Casa de Oro-Mount Helix,32.764,-116.9688
3251,Meadowbrook,37.4301,-77.474
3252,Harvey,41.6076,-87.652
3253,Whitehall,39.9682,-82.8833
3254,Albany,37.8897,-122.3018
3255,Rolla,37.9459,-91.7607
3256,Howard,44.5703,-88.0928
3257,Altoona,41.6483,-93.4783
3258,Port Angeles,48.1141,-123.4565
3259,Forest Park,39.2861,-84.5258
3260,Sand Springs,36.1353,-96.1283
3261,Merrifield,38.8731,-77.2426
3262,Affton,38.5499,-90.3264
3263,Plattsburgh,44.6951,-73.4563
3264,Oregon,41.6524,-83.4321
3265,Hunters Creek,28.361,-81.4358
3266,Crest Hill,41.5723,-88.1124
3267,Mokena,41.5327,-87.8781
3268,Miamisburg,39.6322,-84.2724
3269,Homewood,41.5591,-87.661
3270,Broadview Heights,41.3196,-81.6779
3271,Lincolnia,38.8158,-77.1543
3272,Alamo,26.181,-98.1177
3273,Universal City,29.5521,-98.3074
3274,Palm Valley,30.2011,-81.3948
3275,Lackawanna,42.8182,-78.8325
3276,Nogales,31.3624,-110.9336
3277,Lake Zurich,42.1956,-88.087
3278,Evergreen Park,41.7213,-87.7013
3279,Claremore,36.3146,-95.6095
3280,Beltsville,39.0394,-76.9211
3281,Kinston,35.2747,-77.5939
3282,South El Monte,34.0493,-118.0484
3283,Shelbyville,39.5352,-85.7793
3284,Monroe,47.8595,-121.9851
3285,Forest Park,33.6209,-84.359
3286,Arvin,35.1944,-118.8306
3287,Punta Gorda,26.8941,-82.0513
3288,Brigham City,41.5035,-112.0453
3289,Holtsville,40.8124,-73.0447
3290,Lexington,35.8018,-80.2682
3291,Erlanger,39.0109,-84.5864
3292,Hermosa Beach,33.8653,-118.3962
3293,East Massapequa,40.6742,-73.4359
3294,West Mifflin,40.3581,-79.9073
3295,Orinda,37.8808,-122.179
3296,Hawthorne,40.9579,-74.1582
3297,Angleton,29.1721,-95.4293
3298,Clifton,39.0764,-108.4605
3299,Lake Forest,42.238,-87.8596
3300,Madisonville,37.3409,-87.5034
3301,Bartow,27.8868,-81.8214
3302,Lynn Haven,30.2337,-85.637
3303,Zachary,30.6643,-91.1634
3304,Sweetwater,25.7785,-80.376
3305,Sartell,45.6188,-94.2206
3306,Englewood,26.9717,-82.3524
3307,Prunedale,36.8064,-121.6555
3308,Seabrook,38.9802,-76.8502
3309,Boone,36.2111,-81.6669
3310,Prichard,30.7735,-88.1301
3311,Brookfield,41.8245,-87.847
3312,Warrensburg,38.7627,-93.726
3313,Stillwater,45.0573,-92.8313
3314,Naples,26.1504,-81.7936
3315,Twinsburg,41.322,-81.4451
3316,Sudley,38.7878,-77.4961
3317,Seminole,27.8435,-82.784
3318,Cutlerville,42.8403,-85.6734
3319,Ashland,40.8668,-82.3156
3320,Highland,40.4276,-111.7957
3321,Hermiston,45.8326,-119.2854
3322,Maitland,28.6295,-81.3718
3323,Ferndale,42.4592,-83.1313
3324,Sherrelwood,39.839,-105.0014
3325,Valle Vista,33.7436,-116.8871
3326,Groveland,28.6098,-81.8246
3327,Roosevelt,40.6797,-73.5837
3328,Orange,30.1226,-93.7607
3329,Springboro,39.5615,-84.2348
3330,Harrison,40.7431,-74.1531
3331,Maumelle,34.8522,-92.4
3332,Badger,64.8006,-147.3877
3333,Tinton Falls,40.2708,-74.0949
3334,Rosedale,35.3886,-119.2058
3335,Deerfield,42.1654,-87.8516
3336,Cedar Mill,45.5355,-122.8006
3337,Durango,37.2659,-107.8781
3338,Knightdale,35.7911,-78.4966
3339,Central Point,42.3764,-122.9111
3340,Midlothian,37.4856,-77.6522
3341,White Oak,39.2106,-84.606
3342,Liberal,37.0466,-100.9295
3343,Lumberton,34.6312,-79.0186
3344,Haslett,42.7525,-84.402
3345,Tavares,28.792,-81.7352
3346,Winchester,38.0018,-84.1908
3347,Cocoa,28.382,-80.7675
3348,Dixon,38.4469,-121.825
3349,Sylvania,41.71,-83.7092
3350,Cumberland,39.6515,-78.7584
3351,Cimarron Hills,38.8597,-104.6995
3352,Point Pleasant,40.0772,-74.0702
3353,Norwood,39.1605,-84.4535
3354,North Valley Stream,40.684,-73.7077
3355,West Chester,39.9601,-75.6058
3356,Fate,32.943,-96.3858
3357,Fayetteville,33.4501,-84.471
3358,Gautier,30.4106,-88.6568
3359,Ellensburg,46.9999,-120.5475
3360,Greenfield,36.3242,-121.2428
3361,Weirton,40.406,-80.5671
3362,Ansonia,41.3443,-73.0689
3363,Fox Crossing,44.2228,-88.4763
3364,Pinole,37.9931,-122.2833
3365,Augusta,44.3341,-69.7319
3366,Harrisburg,35.3125,-80.6485
3367,Franklin Farm,38.9133,-77.3969
3368,Matteson,41.5095,-87.7468
3369,San Carlos Park,26.4765,-81.8193
3370,Lake Shore,39.103,-76.4876
3371,Coronado,32.6649,-117.1604
3372,Alsip,41.6701,-87.7368
3373,Cinco Ranch,29.7395,-95.7607
3374,North Myrtle Beach,33.8232,-78.7082
3375,Santa Fe Springs,33.9329,-118.0625
3376,Ronkonkoma,40.8037,-73.1246
3377,Onalaska,43.8883,-91.2075
3378,Lakeway,30.3544,-97.9864
3379,Bradfordville,30.5735,-84.2055
3380,Republic,37.1452,-93.4446
3381,Brownwood,31.7127,-98.9767
3382,Sheridan,44.7961,-106.9642
3383,Syosset,40.8157,-73.502
3384,East St. Louis,38.6155,-90.1304
3385,Marshfield,44.6627,-90.1728
3386,Wisconsin Rapids,44.3927,-89.8265
3387,Springfield,36.4949,-86.8711
3388,Chowchilla,37.1095,-120.2349
3389,Durant,33.9949,-96.3923
3390,Rutherford,40.8203,-74.1057
3391,Hopkins,44.9259,-93.4056
3392,Bayshore Gardens,27.4345,-82.5793
3393,Thomasville,30.8394,-83.9782
3394,Palestine,31.7544,-95.6471
3395,Wallingford Center,41.4499,-72.8189
3396,Lansdale,40.2417,-75.2812
3397,Phoenixville,40.1359,-75.5201
3398,Country Walk,25.633,-80.4353
3399,South San Jose Hills,34.0123,-117.9043
3400,Altus,34.6565,-99.3061
3401,Ottawa,41.3555,-88.8261
3402,Creve Coeur,38.662,-90.443
3403,Martinsburg,39.4582,-77.9776
3404,Round Lake,42.3435,-88.1059
3405,Bensenville,41.9579,-87.9442
3406,Trinity,28.1809,-82.6582
3407,Seagoville,32.653,-96.5456
3408,Centerton,36.3566,-94.2971
3409,St. Michael,45.2014,-93.692
3410,Castaic,34.4818,-118.6316
3411,Knik-Fairview,61.5082,-149.6252
3412,Fairwood,47.4467,-122.143
3413,Bellwood,41.8829,-87.8762
3414,Concord,38.5117,-90.3574
3415,Five Forks,34.8069,-82.2271
3416,Preakness,40.9382,-74.2242
3417,Lebanon,44.5317,-122.9071
3418,Anna,33.3472,-96.5508
3419,Colonia,40.5926,-74.3148
3420,Clive,41.6147,-93.798
3421,Elizabeth City,36.2942,-76.236
3422,Nederland,29.9707,-94.0015
3423,Kingsland,30.8194,-81.7216
3424,Shenandoah,30.4019,-91.002
3425,Berea,41.3696,-81.8641
3426,Ferguson,38.749,-90.295
3427,Arcata,40.8615,-124.0758
3428,Newton,38.0368,-97.3449
3429,Parole,38.9863,-76.5518
3430,Oxon Hill,38.7884,-76.9727
3431,Melville,40.7824,-73.4088
3432,Iselin,40.5697,-74.3172
3433,Brook Park,41.4036,-81.8219
3434,St. Marys,30.7567,-81.5722
3435,Alton,26.2884,-98.3098
3436,Laurel,37.6375,-77.5062
3437,Boerne,29.7847,-98.7292
3438,La Marque,29.3683,-94.9941
3439,Princeton,33.1778,-96.5044
3440,Arroyo Grande,35.1241,-120.5845
3441,Albert Lea,43.6548,-93.3643
3442,Cullman,34.1775,-86.8407
3443,Johnstown,40.326,-78.9194
3444,Dover,40.8859,-74.5597
3445,New River,33.8835,-112.0858
3446,Trenton,42.1394,-83.1929
3447,Ocean Springs,30.4082,-88.7861
3448,Winder,33.9917,-83.7218
3449,Tallmadge,41.1023,-81.4216
3450,Fairmont,39.4768,-80.1491
3451,North Babylon,40.7314,-73.3248
3452,Crowley,32.5781,-97.3585
3453,North Bay Shore,40.7602,-73.2617
3454,Franklin Park,41.9361,-87.8794
3455,Newburyport,42.8124,-70.8878
3456,Redland,39.1339,-77.1464
3457,Maryland City,39.1016,-76.8051
3458,Lake Ronkonkoma,40.8297,-73.1128
3459,West Haven,41.2083,-112.0541
3460,Calverton,39.0578,-76.9488
3461,Lenoir,35.9094,-81.5249
3462,Panama City Beach,30.237,-85.8776
3463,Pinecrest,25.665,-80.3042
3464,Palos Hills,41.6986,-87.8266
3465,Phelan,34.4398,-117.5248
3466,Burlington,39.0223,-84.7217
3467,Amsterdam,42.942,-74.1906
3468,Manchester,38.583,-90.5064
3469,Centralia,46.7223,-122.9696
3470,Ocean Acres,39.743,-74.2805
3471,Kingstowne,38.7625,-77.1444
3472,North Massapequa,40.7031,-73.4678
3473,Oconomowoc,43.0996,-88.4948
3474,Steubenville,40.3653,-80.6519
3475,Sycamore,41.9957,-88.6821
3476,Logansport,40.7472,-86.352
3477,Colonial Heights,37.265,-77.3969
3478,Guayama,17.9743,-66.1104
3479,Schofield Barracks,21.4936,-158.0617
3480,Portsmouth,38.7538,-82.9445
3481,Canby,45.2652,-122.6867
3482,Bourbonnais,41.183,-87.8784
3483,Menasha,44.2125,-88.4271
3484,McAlester,34.9257,-95.7734
3485,Shorewood,41.5169,-88.2146
3486,Niles,41.1879,-80.7531
3487,White Settlement,32.7554,-97.4605
3488,Fort Carson,38.7095,-104.772
3489,Hybla Valley,38.7484,-77.0821
3490,Cudahy,42.9467,-87.8641
3491,East Riverdale,38.96,-76.9109
3492,Scarsdale,40.9902,-73.7773
3493,Spanish Lake,38.7884,-90.2077
3494,Bryn Mawr-Skyway,47.4949,-122.241
3495,Tillmans Corner,30.5819,-88.2128
3496,Dumont,40.9452,-73.9923
3497,Nipomo,35.0319,-120.4985
3498,Ashtabula,41.8805,-80.7984
3499,Terrell,32.734,-96.2931
3500,Cameron Park,38.6738,-120.9872
3501,Wantagh,40.6686,-73.5104
3502,Mount Washington,38.043,-85.5551
3503,Sevierville,35.8872,-83.5678
3504,Cohoes,42.7732,-73.7077
3505,Blythe,33.6219,-114.6195
3506,Burke Centre,38.7903,-77.2999
3507,Ammon,43.4745,-111.9568
3508,Alice,27.7556,-98.0653
3509,Natchitoches,31.7315,-93.0975
3510,Franconia,38.7682,-77.1587
3511,Glenvar Heights,25.709,-80.3155
3512,Mebane,36.0852,-79.2736
3513,Tiffin,41.1165,-83.1805
3514,Anoka,45.2099,-93.3893
3515,Cary,42.2129,-88.2494
3516,Steiner Ranch,30.3654,-97.896
3517,Gibsonton,27.826,-82.3761
3518,Selma,32.4166,-87.0336
3519,Bay City,28.9838,-95.9601
3520,Farmington,37.7822,-90.4282
3521,Pataskala,40.011,-82.7155
3522,Brownsville,25.8216,-80.2417
3523,Charleston,39.4842,-88.1781
3524,Godfrey,38.9577,-90.2156
3525,Idylwood,38.8896,-77.2056
3526,North Canton,40.8742,-81.3971
3527,Lake Butler,28.4862,-81.546
3528,Willimantic,41.7171,-72.2114
3529,Troy,31.8021,-85.9664
3530,Cahokia Heights,38.571,-90.1525
3531,North Aurora,41.8086,-88.3414
3532,McKeesport,40.3418,-79.844
3533,Live Oak,36.986,-121.9804
3534,Hope Mills,34.971,-78.9597
3535,Anacortes,48.4878,-122.6292
3536,Brenham,30.1584,-96.3966
3537,Pinehurst,35.1922,-79.4684
3538,Mount Holly,35.3136,-81.0073
3539,Camano,48.1865,-122.4708
3540,Gretna,29.9101,-90.0515
3541,Stuart,27.1959,-80.2444
3542,Jacksonville,39.7292,-90.2317
3543,Siloam Springs,36.1844,-94.5315
3544,Woodmere,40.6375,-73.7219
3545,Eastlake,41.6581,-81.4322
3546,El Dorado,33.2184,-92.664
3547,Storrs,41.8083,-72.2514
3548,New Philadelphia,40.486,-81.4401
3549,Zephyrhills,28.2409,-82.1797
3550,Cortland,42.6004,-76.1784
3551,Wayne,42.2774,-83.3877
3552,Lemont,41.6695,-87.9838
3553,Clemson,34.6837,-82.8124
3554,Takoma Park,38.981,-77.0028
3555,Oak Grove,45.4156,-122.6349
3556,Kirksville,40.1986,-92.5752
3557,Norcross,33.9379,-84.2065
3558,St. Matthews,38.2497,-85.6384
3559,Goodlettsville,36.333,-86.7026
3560,Coalinga,36.142,-120.3242
3561,South Ogden,41.1722,-111.9576
3562,El Reno,35.5429,-97.966
3563,South Venice,27.0444,-82.4155
3564,Bluffdale,40.4744,-111.9381
3565,West Columbia,33.9932,-81.0936
3566,Gainesville,33.639,-97.1487
3567,Morganton,35.7408,-81.7002
3568,Los Lunas,34.8115,-106.7803
3569,Laguna Woods,33.6099,-117.7299
3570,Bon Air,37.5187,-77.5713
3571,Olivehurst,39.0795,-121.5566
3572,Conyers,33.6646,-83.9966
3573,Murray,36.6146,-88.3207
3574,New Castle,39.9191,-85.3697
3575,Wahiawa,21.5012,-158.0178
3576,Streetsboro,41.2396,-81.3456
3577,Woodcrest,33.8789,-117.3687
3578,Villa Rica,33.7294,-84.9177
3579,Glassmanor,38.8181,-76.9833
3580,Johnstown,40.3499,-104.9482
3581,Jenison,42.9063,-85.8269
3582,Fort Thomas,39.0801,-84.4518
3583,Bethpage,40.7495,-73.4856
3584,Lebanon,40.0324,-86.4551
3585,Hernando,34.85,-89.9921
3586,Rancho Mirage,33.7635,-116.4271
3587,Stanford,37.4252,-122.1674
3588,Laurel,31.6956,-89.1449
3589,North Druid Hills,33.8185,-84.3254
3590,Stafford,29.6271,-95.5654
3591,Shelbyville,38.2067,-85.2292
3592,Aurora,41.3118,-81.345
3593,Buford,34.1192,-83.9903
3594,Clayton,38.6444,-90.3303
3595,Avenel,40.5842,-74.2716
3596,Danville,37.6418,-84.7777
3597,Flowing Wells,32.2937,-111.011
3598,Calhoun,34.491,-84.9386
3599,North Decatur,33.8074,-84.2889
3600,Hinsdale,41.8007,-87.9273
3601,Bellaire,29.704,-95.4621
3602,Pinewood,25.8697,-80.2174
3603,Fairview Park,41.4419,-81.853
3604,Graham,36.0589,-79.3894
3605,Beckley,37.7877,-81.1841
3606,Manassas Park,38.7709,-77.4429
3607,Easton,38.776,-76.0701
3608,Kaukauna,44.2773,-88.2641
3609,Groves,29.9457,-93.9164
3610,Oswego,43.4516,-76.5005
3611,Estelle,29.8447,-90.1021
3612,Lake St. Louis,38.7846,-90.7886
3613,Safety Harbor,28.008,-82.6964
3614,El Segundo,33.917,-118.4018